"term","estimate","std.error","statistic","p.value"
"k__Bacteria.p__Firmicutes.c__Clostridia.o__Clostridiales.f__Lachnospiraceae.g__Blautia.s__Blautia_wexlerae",1.41530828353414,0.805867534750245,1.75625425085871,0.07904500511631
"k__Bacteria.p__Bacteroidetes.c__Bacteroidia.o__Bacteroidales.f__Bacteroidaceae.g__Bacteroides.s__Bacteroides_uniformis",0.23823830276822,0.139573147832623,1.70690642482261,0.0878394464623853
"k__Bacteria.p__Bacteroidetes.c__Bacteroidia.o__Bacteroidales.f__Odoribacteraceae.g__Odoribacter",3.61733358551215,2.17837774814797,1.66056304448922,0.0968012362558187
"k__Bacteria.p__Bacteroidetes.c__Bacteroidia.o__Bacteroidales.f__Odoribacteraceae.g__Odoribacter.s__Odoribacter_splanchnicus",3.61733358551215,2.17837774814797,1.66056304448922,0.0968012362558187
"k__Bacteria.p__Firmicutes.c__Clostridia.o__Clostridiales.f__Lachnospiraceae.g__Dorea.s__Dorea_sp_CAG_317",6.95603133455993,4.54881656424955,1.52919583287428,0.126215903344491
"k__Bacteria.p__Firmicutes.c__Clostridia.o__Clostridiales.f__Clostridiales_unclassified.g__Lawsonibacter",2.55180514150989,1.73591248657272,1.47000794178745,0.141559603073004
"k__Bacteria.p__Firmicutes.c__Clostridia.o__Clostridiales.f__Clostridiales_unclassified.g__Lawsonibacter.s__Lawsonibacter_asaccharolyticus",2.55180514150989,1.73591248657272,1.47000794178745,0.141559603073004
"k__Bacteria.p__Firmicutes.c__Clostridia.o__Clostridiales.f__Oscillospiraceae.g__Oscillibacter.s__Oscillibacter_sp_57_20",1.81650179701318,1.28035220850478,1.4187516411086,0.155971435823921
"k__Bacteria.p__Actinobacteria.c__Coriobacteriia.o__Eggerthellales.f__Eggerthellaceae.g__Gordonibacter",11.8470016788634,8.35127691384659,1.4185856607414,0.156019848795684
"k__Bacteria.p__Actinobacteria.c__Coriobacteriia.o__Eggerthellales.f__Eggerthellaceae.g__Gordonibacter.s__Gordonibacter_pamelaeae",11.8470016788634,8.35127691384659,1.4185856607414,0.156019848795684
"k__Bacteria.p__Firmicutes.c__Clostridia.o__Clostridiales.f__Oscillospiraceae",1.81066785878195,1.27741076276486,1.41745154460958,0.156350951698206
"k__Bacteria.p__Firmicutes.c__Clostridia.o__Clostridiales.f__Oscillospiraceae.g__Oscillibacter",1.81066785878195,1.27741076276486,1.41745154460958,0.156350951698206
"k__Bacteria.p__Bacteroidetes.c__Bacteroidia.o__Bacteroidales.f__Bacteroidaceae.g__Bacteroides.s__Bacteroides_stercoris",0.296305620707043,0.212746470735784,1.3927639771521,0.163691174922937
"k__Bacteria.p__Firmicutes.c__Clostridia.o__Clostridiales.f__Lachnospiraceae.g__Roseburia",-0.604861775206293,0.43676618857826,-1.38486400967806,0.166094053800246
"k__Bacteria.p__Bacteroidetes.c__Bacteroidia.o__Bacteroidales.f__Bacteroidaceae.g__Bacteroides.s__Bacteroides_caccae",2.02999510357373,1.47620781711537,1.37514181949023,0.169087481468479
"k__Bacteria.p__Firmicutes.c__Erysipelotrichia.o__Erysipelotrichales.f__Erysipelotrichaceae.g__Dielma",32.6863473342413,23.8373298597071,1.37122519705917,0.170304765772651
"k__Bacteria.p__Firmicutes.c__Erysipelotrichia.o__Erysipelotrichales.f__Erysipelotrichaceae.g__Dielma.s__Dielma_fastidiosa",32.6863473342413,23.8373298597071,1.37122519705917,0.170304765772651
"k__Bacteria.p__Firmicutes.c__Clostridia.o__Clostridiales.f__Ruminococcaceae.g__Ruminococcus.s__Ruminococcus_lactaris",6.3881305326663,5.13898692856856,1.24307195590507,0.213841318935237
"k__Bacteria.p__Firmicutes.c__Clostridia.o__Clostridiales.f__Lachnospiraceae",-0.0775475896250764,0.0634534331242836,-1.22211810782857,0.221662966350433
"k__Bacteria.p__Firmicutes.c__Negativicutes.o__Acidaminococcales.f__Acidaminococcaceae.g__Phascolarctobacterium",1.21716956052062,1.0227593949051,1.19008396948879,0.234013390243461
"k__Bacteria.p__Firmicutes.c__Erysipelotrichia.o__Erysipelotrichales.f__Erysipelotrichaceae.g__Holdemania",-26.5697355041324,22.8380689051831,-1.16339676591932,0.244668561091628
"k__Bacteria.p__Firmicutes.c__Erysipelotrichia.o__Erysipelotrichales.f__Erysipelotrichaceae.g__Holdemania.s__Holdemania_filiformis",-26.5697355041324,22.8380689051831,-1.16339676591932,0.244668561091628
"k__Bacteria.p__Firmicutes.c__Clostridia.o__Clostridiales.f__Ruminococcaceae.g__Pseudoflavonifractor",-49.5708168093515,42.614167773807,-1.16324732827049,0.244729169206698
"k__Bacteria.p__Firmicutes.c__Clostridia.o__Clostridiales.f__Lachnospiraceae.g__Blautia.s__Blautia_sp_N6H1_15",4.35917177159933,3.75609949197006,1.16055812177461,0.245821644408087
"k__Bacteria.p__Firmicutes.c__Clostridia.o__Clostridiales.f__Lachnospiraceae.g__Blautia.s__Blautia_hydrogenotrophica",3.24371042781358,2.79918648423454,1.1588046906066,0.246535805120449
"k__Bacteria.p__Bacteroidetes",0.0444122364328396,0.038760918581715,1.14579937880498,0.251878172274302
"k__Bacteria.p__Bacteroidetes.c__Bacteroidia",0.0444122364328396,0.038760918581715,1.14579937880498,0.251878172274302
"k__Bacteria.p__Bacteroidetes.c__Bacteroidia.o__Bacteroidales",0.0444122364328396,0.038760918581715,1.14579937880498,0.251878172274302
"k__Bacteria.p__Firmicutes.c__Clostridia.o__Clostridiales.f__Clostridiaceae.g__Clostridium",0.641479910612013,0.566659606250703,1.13203747635438,0.257618678976971
"k__Bacteria.p__Firmicutes.c__Clostridia.o__Clostridiales.f__Lachnospiraceae.g__Blautia",-0.11692668680426,0.103612005432335,-1.12850519895227,0.259106622473004
"k__Bacteria.p__Firmicutes.c__Clostridia.o__Clostridiales.f__Ruminococcaceae.g__Agathobaculum",3.57159596866127,3.18255330241373,1.12224230964254,0.261759427733936
"k__Bacteria.p__Firmicutes.c__Clostridia.o__Clostridiales.f__Ruminococcaceae.g__Agathobaculum.s__Agathobaculum_butyriciproducens",3.57159596866127,3.18255330241373,1.12224230964254,0.261759427733936
"k__Bacteria.p__Bacteroidetes.c__Bacteroidia.o__Bacteroidales.f__Bacteroidaceae.g__Bacteroides.s__Bacteroides_dorei",0.49766893929581,0.444493305894685,1.11963202301572,0.262870603483705
"k__Bacteria.p__Firmicutes.c__Clostridia.o__Clostridiales.f__Clostridiaceae",0.606614951940594,0.543384951117189,1.11636317990295,0.264266707587329
"k__Bacteria.p__Proteobacteria.c__Deltaproteobacteria.o__Desulfovibrionales.f__Desulfovibrionaceae.g__Bilophila",7.40222493720372,6.65785504324618,1.11180325932639,0.266222750190519
"k__Bacteria.p__Proteobacteria.c__Deltaproteobacteria.o__Desulfovibrionales.f__Desulfovibrionaceae.g__Bilophila.s__Bilophila_wadsworthia",7.40222493720372,6.65785504324618,1.11180325932639,0.266222750190519
"k__Bacteria.p__Firmicutes.c__Bacilli.o__Lactobacillales.f__Streptococcaceae.g__Streptococcus.s__Streptococcus_thermophilus",1.12402251788488,1.01415809309389,1.10833066909304,0.267719034954912
"k__Bacteria.p__Firmicutes.c__Clostridia.o__Clostridiales.f__Lachnospiraceae.g__Fusicatenibacter",0.475157783002253,0.434576327319787,1.09338165273003,0.27422626568909
"k__Bacteria.p__Firmicutes.c__Clostridia.o__Clostridiales.f__Lachnospiraceae.g__Fusicatenibacter.s__Fusicatenibacter_saccharivorans",0.475157783002253,0.434576327319787,1.09338165273003,0.27422626568909
"k__Bacteria.p__Firmicutes.c__Clostridia.o__Clostridiales.f__Lachnospiraceae.g__Blautia.s__Blautia_sp_CAG_257",-0.220096487910877,0.201772691598541,-1.09081405500004,0.275354710673971
"k__Bacteria.p__Firmicutes.c__Clostridia.o__Clostridiales.f__Clostridiales_unclassified",0.770242323196034,0.713140968237732,1.08007022103836,0.280110911443517
"k__Bacteria.p__Proteobacteria.c__Gammaproteobacteria",-1.56562700148511,1.46346670729261,-1.0698070503985,0.284706168127012
"k__Bacteria.p__Proteobacteria.c__Gammaproteobacteria.o__Enterobacterales",-1.66539576015631,1.56101421396138,-1.0668677743363,0.286031548641008
"k__Bacteria.p__Proteobacteria.c__Gammaproteobacteria.o__Enterobacterales.f__Enterobacteriaceae",-1.66539576015631,1.56101421396138,-1.0668677743363,0.286031548641008
"k__Bacteria.p__Bacteroidetes.c__Bacteroidia.o__Bacteroidales.f__Odoribacteraceae",1.17974370210498,1.10616082282756,1.06652095948339,0.286188209178726
"k__Bacteria.p__Bacteroidetes.c__Bacteroidia.o__Bacteroidales.f__Bacteroidaceae",0.0402891991408346,0.0377977700979612,1.06591470968833,0.28646219887977
"k__Bacteria.p__Bacteroidetes.c__Bacteroidia.o__Bacteroidales.f__Bacteroidaceae.g__Bacteroides",0.0402891991408346,0.0377977700979612,1.06591470968833,0.28646219887977
"k__Bacteria.p__Firmicutes.c__Erysipelotrichia.o__Erysipelotrichales.f__Erysipelotrichaceae.g__Erysipelatoclostridium.s__Clostridium_spiroforme",-37.3618518519159,35.2032511497525,-1.06131822009794,0.288545308215325
"k__Bacteria.p__Firmicutes.c__Clostridia.o__Clostridiales.f__Clostridiaceae.g__Clostridium.s__Clostridium_disporicum",31.0303239019327,29.6857786603579,1.04529257113172,0.295887770073341
"k__Bacteria.p__Firmicutes.c__Clostridia.o__Clostridiales.f__Lachnospiraceae.g__Roseburia.s__Roseburia_faecis",-0.746410917005951,0.7185223883399,-1.03881372260437,0.298891378020975
"k__Bacteria.p__Firmicutes.c__Clostridia.o__Clostridiales.f__Clostridiaceae.g__Clostridium.s__Clostridium_sp_CAG_58",1.54837569510913,1.51720611419013,1.02054406492795,0.30747050198466
"k__Bacteria.p__Bacteroidetes.c__Bacteroidia.o__Bacteroidales.f__Bacteroidaceae.g__Bacteroides.s__Bacteroides_xylanisolvens",-2.03843227583297,2.0290338092398,-1.00463199112325,0.31507408691284
"k__Bacteria.p__Firmicutes.c__Clostridia.o__Clostridiales.f__Lachnospiraceae.g__Anaerostipes",0.74524021881831,0.743233214047691,1.00270037012971,0.316005451277503
"k__Bacteria.p__Firmicutes.c__Clostridia.o__Clostridiales.f__Eubacteriaceae.g__Eubacterium.s__Eubacterium_ventriosum",-11.0028458642237,11.0739904838475,-0.993575520971634,0.320429566567365
"k__Bacteria.p__Firmicutes.c__Clostridia.o__Clostridiales.f__Lachnospiraceae.g__Lachnoclostridium",-0.659658500781442,0.66453073081659,-0.992668164451686,0.320871694198468
"k__Bacteria.p__Bacteroidetes.c__Bacteroidia.o__Bacteroidales.f__Bacteroidaceae.g__Bacteroides.s__Bacteroides_cellulosilyticus",0.529347469911198,0.544344641891947,0.972449123539411,0.330827163648221
"k__Bacteria.p__Proteobacteria",-0.525709863354719,0.541023487429961,-0.971695084536927,0.331202262896273
"k__Viruses.p__Viruses_unclassified.c__Viruses_unclassified.o__Caudovirales.f__Siphoviridae.g__Siphoviridae_unclassified.s__Lactococcus_phage_P335_sensu_lato",21.087474398742,21.9188247922945,0.962071397466313,0.33601374062836
"k__Bacteria.p__Firmicutes.c__Clostridia.o__Clostridiales.f__Lachnospiraceae.g__Dorea.s__Dorea_longicatena",-1.00003081608302,1.06093235780881,-0.942596206744445,0.345887480810082
"k__Bacteria.p__Firmicutes.c__Firmicutes_unclassified",-1.43468890049892,1.53210814132919,-0.936414905578561,0.349059606441886
"k__Bacteria.p__Firmicutes.c__Firmicutes_unclassified.o__Firmicutes_unclassified",-1.43468890049892,1.53210814132919,-0.936414905578561,0.349059606441886
"k__Bacteria.p__Firmicutes.c__Firmicutes_unclassified.o__Firmicutes_unclassified.f__Firmicutes_unclassified",-1.43468890049892,1.53210814132919,-0.936414905578561,0.349059606441886
"k__Bacteria.p__Firmicutes.c__Firmicutes_unclassified.o__Firmicutes_unclassified.f__Firmicutes_unclassified.g__Firmicutes_unclassified",-1.43468890049892,1.53210814132919,-0.936414905578561,0.349059606441886
"k__Bacteria.p__Firmicutes.c__Clostridia.o__Clostridiales.f__Eubacteriaceae.g__Eubacterium",0.0971479007958933,0.10524841459049,0.923034339033849,0.355989310414282
"k__Bacteria.p__Firmicutes.c__Clostridia.o__Clostridiales.f__Eubacteriaceae",0.0970164402058503,0.105262401362309,0.921662805999685,0.356704487072986
"k__Bacteria.p__Firmicutes.c__Bacilli.o__Lactobacillales.f__Streptococcaceae.g__Lactococcus",5.1355009785399,5.68014447530919,0.904114499351772,0.365934690804979
"k__Bacteria.p__Firmicutes.c__Bacilli.o__Lactobacillales.f__Streptococcaceae.g__Lactococcus.s__Lactococcus_lactis",5.1355009785399,5.68014447530919,0.904114499351772,0.365934690804979
"k__Bacteria.p__Proteobacteria.c__Gammaproteobacteria.o__Enterobacterales.f__Enterobacteriaceae.g__Escherichia",-2.6251328329061,2.90452642004008,-0.903807524281318,0.366097471266599
"k__Bacteria.p__Proteobacteria.c__Gammaproteobacteria.o__Enterobacterales.f__Enterobacteriaceae.g__Escherichia.s__Escherichia_coli",-2.6251328329061,2.90452642004008,-0.903807524281318,0.366097471266599
"k__Bacteria.p__Firmicutes.c__Clostridia.o__Clostridiales.f__Lachnospiraceae.g__Blautia.s__Blautia_coccoides",-7.92801955327449,8.8177414491149,-0.899098663645925,0.368600109851805
"k__Bacteria.p__Firmicutes.c__Clostridia.o__Clostridiales.f__Eubacteriaceae.g__Eubacterium.s__Eubacterium_ramulus",-12.7817429713604,14.3213716215987,-0.892494330088029,0.372128030478112
"k__Bacteria.p__Firmicutes.c__Clostridia.o__Clostridiales.f__Lachnospiraceae.g__Anaerostipes.s__Anaerostipes_sp_494a",1.00697379585939,1.15112129235645,0.874776448447083,0.381695554236042
"k__Bacteria.p__Firmicutes.c__Bacilli.o__Lactobacillales.f__Streptococcaceae.g__Streptococcus.s__Streptococcus_mutans",2.2992226094464,2.6406504800433,0.870703119107493,0.383916274978842
"k__Viruses.p__Viruses_unclassified.c__Viruses_unclassified.o__Caudovirales.f__Siphoviridae.g__Siphoviridae_unclassified.s__Lactococcus_phage_bIL285",29.0832377636679,33.4326393027206,0.869905528556379,0.384352033920705
"k__Bacteria.p__Firmicutes.c__Negativicutes.o__Acidaminococcales.f__Acidaminococcaceae.g__Phascolarctobacterium.s__Phascolarctobacterium_faecium",1.35652743655521,1.56476586658428,0.866920390790715,0.385985630248062
"k__Bacteria.p__Firmicutes.c__Clostridia.o__Clostridiales.f__Ruminococcaceae.g__Ruminococcus.s__Ruminococcus_bicirculans",1.18702155393235,1.39055982674824,0.853628539455328,0.393310840238653
"k__Bacteria.p__Firmicutes.c__Erysipelotrichia.o__Erysipelotrichales.f__Erysipelotrichaceae.g__Erysipelatoclostridium.s__Clostridium_innocuum",-55.7132853825369,65.3220468513509,-0.852901708810808,0.393713814001244
"k__Bacteria.p__Bacteroidetes.c__Bacteroidia.o__Bacteroidales.f__Bacteroidaceae.g__Bacteroides.s__Bacteroides_intestinalis",4.71462652252193,5.55501087760672,0.848715983892573,0.396039349899662
"k__Bacteria.p__Firmicutes.c__Bacilli.o__Lactobacillales.f__Streptococcaceae.g__Streptococcus.s__Streptococcus_parasanguinis",6.51448684381323,7.69057820215234,0.847073740436062,0.396954020786838
"k__Bacteria.p__Firmicutes.c__Clostridia.o__Clostridiales.f__Lachnospiraceae.g__Eisenbergiella.s__Eisenbergiella_tayi",-78.7374268221764,95.3964131163423,-0.825370936390982,0.409161030049357
"k__Bacteria.p__Firmicutes.c__Erysipelotrichia",-0.975149668688798,1.20062663931616,-0.812200593220397,0.416676539208904
"k__Bacteria.p__Firmicutes.c__Erysipelotrichia.o__Erysipelotrichales",-0.975149668688798,1.20062663931616,-0.812200593220397,0.416676539208904
"k__Bacteria.p__Firmicutes.c__Erysipelotrichia.o__Erysipelotrichales.f__Erysipelotrichaceae",-0.975149668688798,1.20062663931616,-0.812200593220397,0.416676539208904
"k__Bacteria.p__Firmicutes.c__Clostridia.o__Clostridiales.f__Lachnospiraceae.g__Blautia.s__Ruminococcus_gnavus",-0.564169930629797,0.706252479943216,-0.798821875535442,0.424393704189058
"Simpson.div",16.1789853488637,20.3916402491075,0.793412651028489,0.427537442355385
"k__Bacteria.p__Firmicutes.c__Bacilli.o__Lactobacillales.f__Streptococcaceae",0.176841408086247,0.223233254495142,0.792182188474504,0.428254452642088
"k__Bacteria.p__Bacteroidetes.c__Bacteroidia.o__Bacteroidales.f__Rikenellaceae.g__Alistipes.s__Alistipes_putredinis",0.114533784451669,0.146868470819002,0.779839156852247,0.43548555500487
"k__Bacteria.p__Actinobacteria.c__Coriobacteriia.o__Eggerthellales.f__Eggerthellaceae.g__Eggerthella",1.62067472847897,2.09593634294287,0.773246159853981,0.439376712628886
"k__Bacteria.p__Actinobacteria.c__Coriobacteriia.o__Eggerthellales.f__Eggerthellaceae.g__Eggerthella.s__Eggerthella_lenta",1.62067472847897,2.09593634294287,0.773246159853981,0.439376712628886
"k__Bacteria.p__Firmicutes.c__Clostridia.o__Clostridiales.f__Lachnospiraceae.g__Lachnospiraceae_unclassified",0.280863146144724,0.371534355110408,0.755954711270942,0.449676349476719
"k__Bacteria.p__Firmicutes.c__Clostridia.o__Clostridiales.f__Lachnospiraceae.g__Lachnospiraceae_unclassified.s__Eubacterium_rectale",0.280863146144724,0.371534355110408,0.755954711270942,0.449676349476719
"k__Bacteria.p__Firmicutes.c__Erysipelotrichia.o__Erysipelotrichales.f__Erysipelotrichaceae.g__Erysipelatoclostridium.s__Erysipelatoclostridium_ramosum",2.46948192780158,3.30223987314291,0.747820274319213,0.454568571360561
"k__Bacteria.p__Firmicutes.c__Negativicutes.o__Veillonellales.f__Veillonellaceae.g__Dialister",-0.825620123269884,1.11905660148733,-0.73778227318668,0.460646767129147
"k__Bacteria.p__Firmicutes.c__Negativicutes.o__Veillonellales.f__Veillonellaceae.g__Dialister.s__Dialister_invisus",-0.825620123269884,1.11905660148733,-0.73778227318668,0.460646767129147
"k__Bacteria.p__Firmicutes.c__Clostridia.o__Clostridiales.f__Eubacteriaceae.g__Eubacterium.s__Eubacterium_eligens",0.671835421994463,0.91107106716058,0.737412751003374,0.460871383600147
"k__Bacteria.p__Firmicutes.c__Erysipelotrichia.o__Erysipelotrichales.f__Erysipelotrichaceae.g__Absiella",27.0601052367356,36.7477823924038,0.736373829249879,0.461503226915783
"k__Bacteria.p__Firmicutes.c__Erysipelotrichia.o__Erysipelotrichales.f__Erysipelotrichaceae.g__Absiella.s__Absiella_dolichum",27.0601052367356,36.7477823924038,0.736373829249879,0.461503226915783
"k__Bacteria.p__Bacteroidetes.c__Bacteroidia.o__Bacteroidales.f__Barnesiellaceae",-4.54925648226748,6.1800308980895,-0.736121963997597,0.461656477194701
"k__Bacteria.p__Bacteroidetes.c__Bacteroidia.o__Bacteroidales.f__Barnesiellaceae.g__Coprobacter",-4.54925648226748,6.1800308980895,-0.736121963997597,0.461656477194701
"k__Bacteria.p__Actinobacteria.c__Coriobacteriia.o__Eggerthellales",1.07388324290792,1.46897003540199,0.731045029529177,0.464751648972527
"k__Bacteria.p__Actinobacteria.c__Coriobacteriia.o__Eggerthellales.f__Eggerthellaceae",1.07388324290792,1.46897003540199,0.731045029529177,0.464751648972527
"k__Bacteria.p__Actinobacteria.c__Actinobacteria.o__Bifidobacteriales.f__Bifidobacteriaceae.g__Bifidobacterium.s__Bifidobacterium_dentium",9.7183461750402,13.336609615364,0.728696906884377,0.466187085293207
"k__Bacteria.p__Firmicutes.c__Clostridia.o__Clostridiales.f__Ruminococcaceae.g__Ruminococcaceae_unclassified.s__Ruminococcaceae_bacterium_D16",-11.3284629637321,15.5637722144633,-0.727873860374581,0.466690805790656
"k__Bacteria.p__Firmicutes.c__Clostridia.o__Clostridiales.f__Clostridiaceae.g__Clostridium.s__Clostridium_sp_CAG_242",9.42333329801505,12.9494222369536,0.727702991344573,0.466795418809502
"k__Bacteria.p__Bacteroidetes.c__Bacteroidia.o__Bacteroidales.f__Bacteroidaceae.g__Bacteroides.s__Bacteroides_ovatus",0.0790281865854607,0.109907129532965,0.719045133116298,0.472113111559536
"k__Bacteria.p__Firmicutes.c__Firmicutes_unclassified.o__Firmicutes_unclassified.f__Firmicutes_unclassified.g__Firmicutes_unclassified.s__Firmicutes_bacterium_CAG_83",-4.78111216577541,6.76570887369031,-0.706668326266244,0.479772617288712
"k__Bacteria.p__Firmicutes.c__Clostridia.o__Clostridiales.f__Lachnospiraceae.g__Sellimonas",-0.593631871515918,0.841897449968023,-0.705111853633082,0.48074063036389
"k__Bacteria.p__Firmicutes.c__Clostridia.o__Clostridiales.f__Lachnospiraceae.g__Sellimonas.s__Sellimonas_intestinalis",-0.593631871515918,0.841897449968023,-0.705111853633082,0.48074063036389
"k__Bacteria.p__Firmicutes.c__Clostridia.o__Clostridiales.f__Lachnospiraceae.g__Lachnoclostridium.s__Clostridium_lavalense",-9.68712771548538,14.2393103641665,-0.680308769718458,0.496308972827678
"k__Bacteria.p__Firmicutes.c__Clostridia.o__Clostridiales.f__Lachnospiraceae.g__Lachnoclostridium.s__Clostridium_scindens",-3.5713010126799,5.28526293256828,-0.675709242519083,0.499225266676774
"k__Bacteria.p__Firmicutes.c__Clostridia.o__Clostridiales.f__Lachnospiraceae.g__Roseburia.s__Roseburia_hominis",-1.75308260687385,2.64908286832503,-0.661769636516619,0.508118868250848
"k__Bacteria.p__Firmicutes.c__Clostridia.o__Clostridiales.f__Lachnospiraceae.g__Blautia.s__Ruminococcus_torques",-0.536196240493908,0.811808116199,-0.660496279594314,0.508935405190905
"k__Bacteria.p__Bacteroidetes.c__Bacteroidia.o__Bacteroidales.f__Bacteroidaceae.g__Bacteroides.s__Bacteroides_fragilis",-0.0388839399689178,0.0591963615964639,-0.65686368081177,0.511268573161436
"k__Bacteria",1.36858173281297,2.12633590787389,0.643633834026444,0.519812904929783
"k__Bacteria.p__Firmicutes.c__Clostridia.o__Clostridiales.f__Lachnospiraceae.g__Roseburia.s__Roseburia_intestinalis",-0.273043059816914,0.437685613385075,-0.623833755250007,0.532736768967866
"k__Bacteria.p__Firmicutes.c__Bacilli.o__Lactobacillales.f__Streptococcaceae.g__Streptococcus",0.139351559589507,0.224740053663362,0.620056626836269,0.535220506299928
"k__Bacteria.p__Firmicutes.c__Clostridia.o__Clostridiales.f__Lachnospiraceae.g__Lachnospira",-11.7604087992129,18.989800427504,-0.61930133726838,0.535717863669747
"k__Bacteria.p__Firmicutes.c__Clostridia.o__Clostridiales.f__Lachnospiraceae.g__Lachnospira.s__Lachnospira_pectinoschiza",-11.7604087992129,18.989800427504,-0.61930133726838,0.535717863669747
"k__Bacteria.p__Firmicutes.c__Clostridia.o__Clostridiales.f__Lachnospiraceae.g__Coprococcus.s__Coprococcus_comes",-0.834042352697338,1.35154375533733,-0.617103478450958,0.537166474481135
"k__Bacteria.p__Firmicutes.c__Clostridia.o__Clostridiales.f__Ruminococcaceae.g__Pseudoflavonifractor.s__Pseudoflavonifractor_sp_An184",-22.5318468782407,36.7963225867119,-0.612339638700133,0.540313069038703
"k__Bacteria.p__Firmicutes.c__Clostridia.o__Clostridiales.f__Lachnospiraceae.g__Lachnoclostridium.s__Clostridium_clostridioforme",-1.20718316516281,1.97252880682656,-0.611997736603374,0.540539255073286
"k__Bacteria.p__Actinobacteria.c__Coriobacteriia.o__Coriobacteriales.f__Coriobacteriaceae.g__Collinsella.s__Collinsella_intestinalis",-43.2689841014354,70.8661903826521,-0.610573023155307,0.541482286558062
"k__Bacteria.p__Firmicutes.c__Clostridia.o__Clostridiales.f__Eubacteriaceae.g__Eubacterium.s__Eubacterium_hallii",0.0680315468850251,0.115378018881499,0.589640449234076,0.555431727396602
"k__Bacteria.p__Proteobacteria.c__Deltaproteobacteria",-0.975393400197725,1.65485553994377,-0.589413019236027,0.555584245034989
"k__Bacteria.p__Proteobacteria.c__Deltaproteobacteria.o__Desulfovibrionales",-0.975393400197725,1.65485553994377,-0.589413019236027,0.555584245034989
"k__Bacteria.p__Proteobacteria.c__Deltaproteobacteria.o__Desulfovibrionales.f__Desulfovibrionaceae",-0.975393400197725,1.65485553994377,-0.589413019236027,0.555584245034989
"k__Bacteria.p__Firmicutes.c__Clostridia.o__Clostridiales.f__Lachnospiraceae.g__Coprococcus.s__Coprococcus_catus",23.2886845058074,39.702574095595,0.586578705192601,0.557486687958044
"k__Bacteria.p__Proteobacteria.c__Betaproteobacteria.o__Burkholderiales.f__Sutterellaceae.g__Turicimonas",15.4258416845547,26.5400620106342,0.581228547181761,0.561086430166682
"k__Bacteria.p__Proteobacteria.c__Betaproteobacteria.o__Burkholderiales.f__Sutterellaceae.g__Turicimonas.s__Turicimonas_muris",15.4258416845547,26.5400620106342,0.581228547181761,0.561086430166682
"k__Bacteria.p__Actinobacteria.c__Actinobacteria.o__Actinomycetales",-18.9466363373795,32.6173438284078,-0.580876126426888,0.561323943443186
"k__Bacteria.p__Actinobacteria.c__Actinobacteria.o__Actinomycetales.f__Actinomycetaceae",-18.9466363373795,32.6173438284078,-0.580876126426888,0.561323943443186
"k__Bacteria.p__Actinobacteria.c__Actinobacteria.o__Actinomycetales.f__Actinomycetaceae.g__Actinomyces",-18.9466363373795,32.6173438284078,-0.580876126426888,0.561323943443186
"k__Bacteria.p__Bacteroidetes.c__Bacteroidia.o__Bacteroidales.f__Rikenellaceae.g__Alistipes.s__Alistipes_finegoldii",-0.114200318595198,0.197208998064773,-0.579082697624626,0.562533374222718
"k__Bacteria.p__Firmicutes.c__Clostridia.o__Clostridiales.f__Ruminococcaceae.g__Ruthenibacterium",0.194205368656873,0.336744550866571,0.576714213064796,0.564132529444983
"k__Bacteria.p__Firmicutes.c__Clostridia.o__Clostridiales.f__Ruminococcaceae.g__Ruthenibacterium.s__Ruthenibacterium_lactatiformans",0.194205368656873,0.336744550866571,0.576714213064796,0.564132529444983
"k__Bacteria.p__Actinobacteria.c__Coriobacteriia.o__Coriobacteriales.f__Coriobacteriaceae.g__Collinsella.s__Collinsella_stercoris",-3.71712594327624,6.52556508332183,-0.569625142928472,0.568931971544707
"k__Viruses.p__Viruses_unclassified.c__Viruses_unclassified.o__Caudovirales.f__Siphoviridae.g__C2virus",-28.5276710908071,50.155514460265,-0.568784338029424,0.569502504683758
"k__Viruses.p__Viruses_unclassified.c__Viruses_unclassified.o__Caudovirales.f__Siphoviridae.g__C2virus.s__Lactococcus_virus_bIL67",-28.5276710908071,50.155514460265,-0.568784338029424,0.569502504683758
"k__Bacteria.p__Firmicutes.c__Clostridia.o__Clostridiales.f__Lachnospiraceae.g__Blautia.s__Blautia_obeum",0.62679981795119,1.11754568171845,0.560871764085168,0.574884959953733
"k__Bacteria.p__Bacteroidetes.c__Bacteroidia.o__Bacteroidales.f__Odoribacteraceae.g__Butyricimonas.s__Butyricimonas_synergistica",-8.29949978756794,14.8707760982757,-0.558108045788563,0.57677060683258
"k__Bacteria.p__Firmicutes.c__Clostridia.o__Clostridiales.f__Ruminococcaceae.g__Ruminococcaceae_unclassified.s__Clostridium_leptum",-2.69354446271532,4.83695216574389,-0.55686812075411,0.577617537066152
"k__Bacteria.p__Firmicutes.c__Clostridia.o__Clostridiales.f__Lachnospiraceae.g__Anaerotignum",2.64080295842117,5.04673832365139,0.523269246207026,0.600786899232061
"k__Bacteria.p__Firmicutes.c__Clostridia.o__Clostridiales.f__Lachnospiraceae.g__Anaerotignum.s__Anaerotignum_lactatifermentans",2.64080295842117,5.04673832365139,0.523269246207026,0.600786899232061
"k__Bacteria.p__Firmicutes.c__Clostridia.o__Clostridiales.f__Lachnospiraceae.g__Roseburia.s__Roseburia_sp_CAG_471",980.036665168708,1886.57923845174,0.519478135449533,0.603427356211775
"k__Bacteria.p__Firmicutes.c__Bacilli.o__Lactobacillales.f__Streptococcaceae.g__Streptococcus.s__Streptococcus_salivarius",4.1766303941218,8.05523897285823,0.518498632777348,0.604110413758756
"k__Bacteria.p__Actinobacteria.c__Coriobacteriia.o__Coriobacteriales",-0.0901968809176391,0.175186731373926,-0.514861372264084,0.606649895249848
"k__Bacteria.p__Actinobacteria.c__Coriobacteriia.o__Coriobacteriales.f__Coriobacteriaceae",-0.0901968809176391,0.175186731373926,-0.514861372264084,0.606649895249848
"k__Bacteria.p__Actinobacteria.c__Coriobacteriia.o__Coriobacteriales.f__Coriobacteriaceae.g__Collinsella",-0.0901968809176391,0.175186731373926,-0.514861372264084,0.606649895249848
"k__Bacteria.p__Firmicutes.c__Clostridia.o__Clostridiales.f__Lachnospiraceae.g__Eisenbergiella.s__Eisenbergiella_massiliensis",0.849911978025544,1.68199823706248,0.505298970770546,0.613348865601625
"k__Bacteria.p__Firmicutes.c__Clostridia.o__Clostridiales.f__Lachnospiraceae.g__Blautia.s__Blautia_hansenii",-76.8706024254015,154.255179979744,-0.498334010147962,0.618248640150526
"k__Bacteria.p__Firmicutes.c__Clostridia.o__Clostridiales.f__Lachnospiraceae.g__Dorea.s__Dorea_formicigenerans",1.09998576992197,2.27773806093144,0.482929002587836,0.62914614799336
"k__Bacteria.p__Bacteroidetes.c__Bacteroidia.o__Bacteroidales.f__Odoribacteraceae.g__Butyricimonas",-0.914086633874709,1.89343687407247,-0.482765835181323,0.629262011697865
"k__Bacteria.p__Firmicutes.c__Firmicutes_unclassified.o__Firmicutes_unclassified.f__Firmicutes_unclassified.g__Firmicutes_unclassified.s__Firmicutes_bacterium_CAG_94",-1.11547680060252,2.34517987194775,-0.47564658640707,0.634326180078868
"k__Bacteria.p__Firmicutes.c__Clostridia.o__Clostridiales.f__Lachnospiraceae.g__Coprococcus",-0.561126584051783,1.21221300751009,-0.462894376298062,0.643440078704381
"k__Bacteria.p__Proteobacteria.c__Betaproteobacteria",0.330907665282723,0.732220076760796,0.451923780547778,0.651323892171548
"k__Bacteria.p__Proteobacteria.c__Betaproteobacteria.o__Burkholderiales",0.330907665282723,0.732220076760796,0.451923780547778,0.651323892171548
"k__Bacteria.p__Firmicutes.c__Negativicutes.o__Acidaminococcales.f__Acidaminococcaceae.g__Phascolarctobacterium.s__Phascolarctobacterium_sp_CAG_266",0.518062676541389,1.16977116216425,0.442875233462669,0.657855982221782
"k__Bacteria.p__Proteobacteria.c__Betaproteobacteria.o__Burkholderiales.f__Sutterellaceae",0.323459383493106,0.73740726177892,0.438644152639334,0.660919399244528
"k__Bacteria.p__Proteobacteria.c__Proteobacteria_unclassified",-3.17710891514691,7.27452185960796,-0.436744706588611,0.662296503061344
"k__Bacteria.p__Proteobacteria.c__Proteobacteria_unclassified.o__Proteobacteria_unclassified",-3.17710891514691,7.27452185960796,-0.436744706588611,0.662296503061344
"k__Bacteria.p__Proteobacteria.c__Proteobacteria_unclassified.o__Proteobacteria_unclassified.f__Proteobacteria_unclassified",-3.17710891514691,7.27452185960796,-0.436744706588611,0.662296503061344
"k__Bacteria.p__Proteobacteria.c__Proteobacteria_unclassified.o__Proteobacteria_unclassified.f__Proteobacteria_unclassified.g__Proteobacteria_unclassified",-3.17710891514691,7.27452185960796,-0.436744706588611,0.662296503061344
"k__Bacteria.p__Proteobacteria.c__Proteobacteria_unclassified.o__Proteobacteria_unclassified.f__Proteobacteria_unclassified.g__Proteobacteria_unclassified.s__Proteobacteria_bacterium_CAG_139",-3.17710891514691,7.27452185960796,-0.436744706588611,0.662296503061344
"k__Bacteria.p__Proteobacteria.c__Betaproteobacteria.o__Burkholderiales.f__Sutterellaceae.g__Parasutterella",0.326518252347599,0.755579489639193,0.43214282127155,0.66563761380794
"k__Bacteria.p__Proteobacteria.c__Betaproteobacteria.o__Burkholderiales.f__Sutterellaceae.g__Parasutterella.s__Parasutterella_excrementihominis",0.326518252347599,0.755579489639193,0.43214282127155,0.66563761380794
"k__Bacteria.p__Actinobacteria.c__Coriobacteriia",-0.0685432090602094,0.160055469353918,-0.42824659061569,0.668471599171466
"k__Bacteria.p__Bacteroidetes.c__Bacteroidia.o__Bacteroidales.f__Bacteroidaceae.g__Bacteroides.s__Bacteroides_thetaiotaomicron",0.15884964280655,0.378319788933624,0.419881929132765,0.674571709596036
"k__Bacteria.p__Firmicutes.c__Erysipelotrichia.o__Erysipelotrichales.f__Erysipelotrichaceae.g__Coprobacillus",-3.56588829846699,8.58969892083977,-0.415135423409971,0.67804276894381
"k__Bacteria.p__Firmicutes.c__Erysipelotrichia.o__Erysipelotrichales.f__Erysipelotrichaceae.g__Coprobacillus.s__Coprobacillus_cateniformis",-3.56588829846699,8.58969892083977,-0.415135423409971,0.67804276894381
"k__Bacteria.p__Firmicutes.c__Clostridia.o__Clostridiales.f__Clostridiaceae.g__Hungatella",108.811188598311,265.599982000093,0.409680707727882,0.682040183972998
"k__Bacteria.p__Firmicutes.c__Clostridia.o__Clostridiales.f__Clostridiaceae.g__Hungatella.s__Hungatella_hathewayi",108.811188598311,265.599982000093,0.409680707727882,0.682040183972998
"k__Bacteria.p__Proteobacteria.c__Gammaproteobacteria.o__Enterobacterales.f__Enterobacteriaceae.g__Klebsiella",-0.157942767792692,0.386502927644461,-0.408645721664445,0.682799672018835
"k__Bacteria.p__Bacteroidetes.c__Bacteroidia.o__Bacteroidales.f__Odoribacteraceae.g__Butyricimonas.s__Butyricimonas_virosa",-0.791248760864559,1.93946967868889,-0.407971709771434,0.68329444467871
"k__Bacteria.p__Firmicutes.c__Clostridia.o__Clostridiales.f__Lachnospiraceae.g__Roseburia.s__Roseburia_inulinivorans",-0.34514108980813,0.876655069018337,-0.393702269005999,0.693800865968282
"k__Bacteria.p__Firmicutes.c__Negativicutes.o__Veillonellales",-0.302080869547516,0.78963107190587,-0.382559501892963,0.702046402761602
"k__Bacteria.p__Firmicutes.c__Negativicutes.o__Veillonellales.f__Veillonellaceae",-0.302080869547516,0.78963107190587,-0.382559501892963,0.702046402761602
"k__Bacteria.p__Firmicutes.c__Clostridia.o__Clostridiales.f__Lachnospiraceae.g__Lachnoclostridium.s__Clostridium_asparagiforme",-6.30251224109709,16.4768628461364,-0.38250680969739,0.702085478829001
"k__Bacteria.p__Firmicutes.c__Negativicutes.o__Acidaminococcales.f__Acidaminococcaceae.g__Acidaminococcus",-0.216378652312786,0.567110255135824,-0.381546005125517,0.702798141043485
"k__Archaea.p__Euryarchaeota.c__Methanobacteria.o__Methanobacteriales.f__Methanobacteriaceae.g__Methanobrevibacter",-17.8167537957977,47.4460484738012,-0.375516072864019,0.707276695161334
"k__Archaea.p__Euryarchaeota.c__Methanobacteria.o__Methanobacteriales.f__Methanobacteriaceae.g__Methanobrevibacter.s__Methanobrevibacter_smithii",-17.8167537957977,47.4460484738012,-0.375516072864019,0.707276695161334
"k__Bacteria.p__Bacteroidetes.c__Bacteroidia.o__Bacteroidales.f__Bacteroidaceae.g__Bacteroides.s__Bacteroides_vulgatus",0.0397414306587574,0.108421139708548,0.366546881591434,0.713957036542411
"k__Bacteria.p__Bacteroidetes.c__Bacteroidia.o__Bacteroidales.f__Tannerellaceae",0.0586000226760639,0.166841759835355,0.351231147009552,0.725414944857709
"k__Bacteria.p__Bacteroidetes.c__Bacteroidia.o__Bacteroidales.f__Tannerellaceae.g__Parabacteroides",0.0586000226760639,0.166841759835355,0.351231147009552,0.725414944857709
"k__Bacteria.p__Firmicutes.c__Clostridia.o__Clostridiales.f__Ruminococcaceae.g__Ruminococcus.s__Ruminococcus_bromii",-0.0667732127688701,0.194173943325774,-0.343883487275333,0.730933910638871
"k__Archaea",-13.5526224769446,39.9366504155818,-0.339353008725461,0.734343814004349
"k__Archaea.p__Euryarchaeota",-13.5526224769446,39.9366504155818,-0.339353008725461,0.734343814004349
"k__Archaea.p__Euryarchaeota.c__Methanobacteria",-13.5526224769446,39.9366504155818,-0.339353008725461,0.734343814004349
"k__Archaea.p__Euryarchaeota.c__Methanobacteria.o__Methanobacteriales",-13.5526224769446,39.9366504155818,-0.339353008725461,0.734343814004349
"k__Archaea.p__Euryarchaeota.c__Methanobacteria.o__Methanobacteriales.f__Methanobacteriaceae",-13.5526224769446,39.9366504155818,-0.339353008725461,0.734343814004349
"k__Bacteria.p__Firmicutes.c__Clostridia.o__Clostridiales.f__Lachnospiraceae.g__Lachnoclostridium.s__Clostridium_symbiosum",-1.64063569108759,4.92141561139448,-0.333366620630261,0.738857556367805
"k__Bacteria.p__Firmicutes.c__Clostridia.o__Clostridiales.f__Ruminococcaceae.g__Ruminococcaceae_unclassified",-0.0330815421165527,0.0996350778644448,-0.332027061408641,0.739868824993404
"k__Bacteria.p__Firmicutes",-0.0106341838391234,0.0323173609230491,-0.329054834163113,0.742114241985415
"k__Bacteria.p__Firmicutes.c__Bacilli",0.0587032720496896,0.180041962924407,0.326053277225915,0.744384046283892
"k__Bacteria.p__Firmicutes.c__Bacilli.o__Lactobacillales",0.0587032720496896,0.180041962924407,0.326053277225915,0.744384046283892
"k__Bacteria.p__Firmicutes.c__Clostridia.o__Clostridiales.f__Ruminococcaceae.g__Gemmiger",1.86809606267077,5.73684766894144,0.325631107966211,0.744703473165939
"k__Bacteria.p__Firmicutes.c__Clostridia.o__Clostridiales.f__Ruminococcaceae.g__Gemmiger.s__Gemmiger_formicilis",1.86809606267077,5.73684766894144,0.325631107966211,0.744703473165939
"k__Bacteria.p__Firmicutes.c__Clostridia.o__Clostridiales.f__Eubacteriaceae.g__Eubacterium.s__Eubacterium_dolichum_CAG_375",11.8693280277972,37.2258043008779,0.318846785199408,0.749842698908446
"k__Bacteria.p__Bacteroidetes.c__Bacteroidia.o__Bacteroidales.f__Rikenellaceae.g__Alistipes.s__Alistipes_indistinctus",5.9681716701398,18.8066655265463,0.317343426016457,0.75098302968384
"k__Bacteria.p__Firmicutes.c__Clostridia.o__Clostridiales.f__Ruminococcaceae.g__Anaerotruncus",-1.02756011078851,3.24998514081799,-0.316173787345341,0.751870602656431
"k__Bacteria.p__Firmicutes.c__Clostridia",-0.0102177960822101,0.0340207412839289,-0.300340195321873,0.763917676167102
"k__Bacteria.p__Firmicutes.c__Clostridia.o__Clostridiales",-0.0102177960822101,0.0340207412839289,-0.300340195321873,0.763917676167102
"k__Bacteria.p__Bacteroidetes.c__Bacteroidia.o__Bacteroidales.f__Tannerellaceae.g__Parabacteroides.s__Parabacteroides_distasonis",0.0488947042329468,0.16442396423008,0.29736969584633,0.766184277015316
"k__Bacteria.p__Firmicutes.c__Negativicutes.o__Acidaminococcales",0.108476585446746,0.390005010935633,0.278141517173095,0.780903726533011
"k__Bacteria.p__Firmicutes.c__Negativicutes.o__Acidaminococcales.f__Acidaminococcaceae",0.108476585446746,0.390005010935633,0.278141517173095,0.780903726533011
"k__Bacteria.p__Firmicutes.c__Clostridia.o__Clostridiales.f__Lachnospiraceae.g__Dorea",-0.172725967441714,0.635921674618941,-0.271615160067024,0.785917941506144
"k__Bacteria.p__Firmicutes.c__Clostridia.o__Clostridiales.f__Ruminococcaceae.g__Ruminococcaceae_unclassified.s__Eubacterium_siraeum",-0.0280329033951912,0.105288937666059,-0.26624737618782,0.790048698402464
"k__Bacteria.p__Firmicutes.c__Firmicutes_unclassified.o__Firmicutes_unclassified.f__Firmicutes_unclassified.g__Firmicutes_unclassified.s__Firmicutes_bacterium_CAG_424",-8.34467308555785,31.4383530953198,-0.265429714471911,0.790678447987444
"k__Bacteria.p__Actinobacteria",-0.0265536083885948,0.100814711048951,-0.263390214704891,0.792249831951785
"k__Bacteria.p__Firmicutes.c__Clostridia.o__Clostridiales.f__Eubacteriaceae.g__Eubacterium.s__Eubacterium_sp_CAG_38",0.386087330994103,1.49810275016187,0.257717523682797,0.796624920899096
"k__Bacteria.p__Firmicutes.c__Clostridia.o__Clostridiales.f__Lachnospiraceae.g__Blautia.s__Blautia_producta",-2.64994843915306,10.309515796267,-0.257039078412644,0.79714860605045
"k__Bacteria.p__Firmicutes.c__Clostridia.o__Clostridiales.f__Clostridiales_unclassified.g__Intestinimonas",-1.58667107907069,6.38694219389904,-0.248424211602591,0.803806202460191
"k__Bacteria.p__Firmicutes.c__Clostridia.o__Clostridiales.f__Clostridiales_unclassified.g__Intestinimonas.s__Intestinimonas_butyriciproducens",-1.58667107907069,6.38694219389904,-0.248424211602591,0.803806202460191
"k__Bacteria.p__Firmicutes.c__Clostridia.o__Clostridiales.f__Clostridiaceae.g__Clostridium.s__Clostridium_bolteae_CAG_59",-3.65267139831784,14.8068494392329,-0.246687954335482,0.805149729564048
"k__Bacteria.p__Actinobacteria.c__Coriobacteriia.o__Eggerthellales.f__Eggerthellaceae.g__Adlercreutzia",2.30492741277308,9.47881145620096,0.243166289721399,0.807876580100563
"k__Bacteria.p__Actinobacteria.c__Coriobacteriia.o__Eggerthellales.f__Eggerthellaceae.g__Adlercreutzia.s__Adlercreutzia_equolifaciens",2.30492741277308,9.47881145620096,0.243166289721399,0.807876580100563
"k__Bacteria.p__Actinobacteria.c__Coriobacteriia.o__Coriobacteriales.f__Coriobacteriaceae.g__Collinsella.s__Collinsella_aerofaciens",-0.0406051167871723,0.167401020370761,-0.242561943154467,0.808344765777676
"k__Viruses.p__Viruses_unclassified.c__Viruses_unclassified.o__Caudovirales.f__Siphoviridae.g__Siphoviridae_unclassified.s__Lactococcus_phage_bIL286",-5.46042312379812,23.1806880709724,-0.235559147643931,0.813774776869467
"k__Bacteria.p__Firmicutes.c__Clostridia.o__Clostridiales.f__Lachnospiraceae.g__Eisenbergiella",0.377291213964319,1.68828093450574,0.223476559056669,0.823164624994808
"k__Bacteria.p__Firmicutes.c__Clostridia.o__Clostridiales.f__Lachnospiraceae.g__Lachnoclostridium.s__Clostridium_saccharolyticum",2.29582658510389,10.9340365801633,0.209970633285518,0.833690593349382
"k__Viruses.p__Viruses_unclassified.c__Viruses_unclassified.o__Caudovirales.f__Siphoviridae",-0.410130226587601,1.96499617134162,-0.208718079235534,0.834668325776608
"k__Bacteria.p__Firmicutes.c__Clostridia.o__Clostridiales.f__Lachnospiraceae.g__Anaerostipes.s__Anaerostipes_hadrus",0.175710203533533,0.874761935004189,0.200866311738509,0.84080311014624
"k__Bacteria.p__Bacteroidetes.c__Bacteroidia.o__Bacteroidales.f__Rikenellaceae.g__Alistipes.s__Alistipes_shahii",-0.156541022408984,0.796962111535172,-0.19642216379326,0.844279749945965
"k__Bacteria.p__Firmicutes.c__Clostridia.o__Clostridiales.f__Lachnospiraceae.g__Marvinbryantia",-3.25755413255873,19.0636289666682,-0.170877965483613,0.864319722818773
"k__Bacteria.p__Firmicutes.c__Clostridia.o__Clostridiales.f__Lachnospiraceae.g__Marvinbryantia.s__Marvinbryantia_formatexigens",-3.25755413255873,19.0636289666682,-0.170877965483613,0.864319722818773
"k__Bacteria.p__Bacteroidetes.c__Bacteroidia.o__Bacteroidales.f__Rikenellaceae",0.0113064975416848,0.0738270420805226,0.153148456487704,0.878281203810218
"k__Bacteria.p__Bacteroidetes.c__Bacteroidia.o__Bacteroidales.f__Rikenellaceae.g__Alistipes",0.0113064975416848,0.0738270420805226,0.153148456487704,0.878281203810218
"k__Bacteria.p__Actinobacteria.c__Coriobacteriia.o__Eggerthellales.f__Eggerthellaceae.g__Asaccharobacter",1.97485696876835,12.9066455869658,0.153010862153272,0.878389709401695
"k__Bacteria.p__Actinobacteria.c__Coriobacteriia.o__Eggerthellales.f__Eggerthellaceae.g__Asaccharobacter.s__Asaccharobacter_celatus",1.97485696876835,12.9066455869658,0.153010862153272,0.878389709401695
"k__Bacteria.p__Firmicutes.c__Clostridia.o__Clostridiales.f__Ruminococcaceae.g__Flavonifractor.s__Flavonifractor_sp_An10",-0.843317529190389,5.62170982934465,-0.150010860537193,0.880756046751604
"k__Bacteria.p__Actinobacteria.c__Actinobacteria.o__Bifidobacteriales.f__Bifidobacteriaceae.g__Bifidobacterium.s__Bifidobacterium_pseudocatenulatum",0.56913201252114,3.87901840822825,0.146720626876605,0.883352536907439
"k__Bacteria.p__Bacteroidetes.c__Bacteroidia.o__Bacteroidales.f__Tannerellaceae.g__Parabacteroides.s__Parabacteroides_goldsteinii",-4.27587169219663,29.4141421652236,-0.145367886922502,0.884420417833088
"k__Bacteria.p__Verrucomicrobia",0.69212178922355,4.85872654936134,0.142449216310502,0.886725189719565
"k__Bacteria.p__Verrucomicrobia.c__Verrucomicrobiae",0.69212178922355,4.85872654936134,0.142449216310502,0.886725189719565
"k__Bacteria.p__Verrucomicrobia.c__Verrucomicrobiae.o__Verrucomicrobiales",0.69212178922355,4.85872654936134,0.142449216310502,0.886725189719565
"k__Bacteria.p__Verrucomicrobia.c__Verrucomicrobiae.o__Verrucomicrobiales.f__Akkermansiaceae",0.69212178922355,4.85872654936134,0.142449216310502,0.886725189719565
"k__Bacteria.p__Verrucomicrobia.c__Verrucomicrobiae.o__Verrucomicrobiales.f__Akkermansiaceae.g__Akkermansia",0.69212178922355,4.85872654936134,0.142449216310502,0.886725189719565
"k__Bacteria.p__Verrucomicrobia.c__Verrucomicrobiae.o__Verrucomicrobiales.f__Akkermansiaceae.g__Akkermansia.s__Akkermansia_muciniphila",0.69212178922355,4.85872654936134,0.142449216310502,0.886725189719565
"k__Bacteria.p__Firmicutes.c__Clostridia.o__Clostridiales.f__Clostridiales_unclassified.g__Monoglobus",0.119206646707689,0.849686257224135,0.140294897903997,0.888426995340595
"k__Bacteria.p__Firmicutes.c__Clostridia.o__Clostridiales.f__Clostridiales_unclassified.g__Monoglobus.s__Monoglobus_pectinilyticus",0.119206646707689,0.849686257224135,0.140294897903997,0.888426995340595
"k__Viruses",-0.261427697842482,1.88082369137521,-0.138996387083647,0.889453004024731
"k__Viruses.p__Viruses_unclassified",-0.261427697842482,1.88082369137521,-0.138996387083647,0.889453004024731
"k__Viruses.p__Viruses_unclassified.c__Viruses_unclassified",-0.261427697842482,1.88082369137521,-0.138996387083647,0.889453004024731
"k__Bacteria.p__Firmicutes.c__Erysipelotrichia.o__Erysipelotrichales.f__Erysipelotrichaceae.g__Erysipelatoclostridium",0.330837523989287,2.83631035021664,0.116643626098257,0.907142465041877
"k__Bacteria.p__Firmicutes.c__Clostridia.o__Clostridiales.f__Ruminococcaceae.g__Anaerotruncus.s__Anaerotruncus_colihominis",0.303394472185455,3.04928783947214,0.0994968294754279,0.92074380512241
"k__Bacteria.p__Actinobacteria.c__Actinobacteria.o__Bifidobacteriales.f__Bifidobacteriaceae.g__Bifidobacterium.s__Bifidobacterium_longum",-0.0386308950376565,0.401205724707247,-0.0962869985612613,0.923292636752266
"k__Bacteria.p__Actinobacteria.c__Actinobacteria.o__Bifidobacteriales",0.0233580897097634,0.246658457959234,0.0946981096980013,0.924554619474163
"k__Bacteria.p__Actinobacteria.c__Actinobacteria.o__Bifidobacteriales.f__Bifidobacteriaceae",0.0233580897097634,0.246658457959234,0.0946981096980013,0.924554619474163
"k__Bacteria.p__Actinobacteria.c__Actinobacteria.o__Bifidobacteriales.f__Bifidobacteriaceae.g__Bifidobacterium",0.0233580897097634,0.246658457959234,0.0946981096980013,0.924554619474163
"k__Bacteria.p__Firmicutes.c__Clostridia.o__Clostridiales.f__Ruminococcaceae.g__Ruminococcus",0.0154792367131052,0.174405918775965,0.0887540791146499,0.929277353157061
"k__Bacteria.p__Firmicutes.c__Clostridia.o__Clostridiales.f__Ruminococcaceae.g__Faecalibacterium",0.0104907895057577,0.121751824032797,0.086165358006725,0.931334968562481
"k__Bacteria.p__Firmicutes.c__Clostridia.o__Clostridiales.f__Ruminococcaceae.g__Faecalibacterium.s__Faecalibacterium_prausnitzii",0.0104907895057577,0.121751824032797,0.086165358006725,0.931334968562481
"k__Bacteria.p__Firmicutes.c__Erysipelotrichia.o__Erysipelotrichales.f__Erysipelotrichaceae.g__Candidatus_Stoquefichus",2.24416688932294,26.0999855605837,0.0859834532901846,0.931479570868739
"k__Bacteria.p__Firmicutes.c__Erysipelotrichia.o__Erysipelotrichales.f__Erysipelotrichaceae.g__Candidatus_Stoquefichus.s__Candidatus_Stoquefichus_sp_KLE1796",2.24416688932294,26.0999855605837,0.0859834532901846,0.931479570868739
"k__Bacteria.p__Firmicutes.c__Negativicutes",0.0338724638097887,0.414919291374222,0.0816362712314542,0.934935957273273
"k__Viruses.p__Viruses_unclassified.c__Viruses_unclassified.o__Caudovirales.f__Siphoviridae.g__Siphoviridae_unclassified.s__Lactococcus_phage_bIL309",0.777555274935833,9.72749073135349,0.0799337975650421,0.936289909252236
"k__Bacteria.p__Actinobacteria.c__Actinobacteria",0.0187911339846622,0.244455357569008,0.076869389043182,0.938727449476823
"k__Bacteria.p__Bacteroidetes.c__Bacteroidia.o__Bacteroidales.f__Tannerellaceae.g__Parabacteroides.s__Parabacteroides_merdae",0.0125642367109467,0.192072987760952,0.0654138661423009,0.947844484140668
"k__Bacteria.p__Firmicutes.c__Clostridia.o__Clostridiales.f__Ruminococcaceae.g__Flavonifractor.s__Flavonifractor_plautii",0.0152544425748803,0.275085360734679,0.0554534873616677,0.955777184602904
"k__Bacteria.p__Firmicutes.c__Clostridia.o__Clostridiales.f__Ruminococcaceae.g__Flavonifractor",0.0126497487168709,0.275614015837781,0.0458966089892765,0.963392656965409
"k__Bacteria.p__Firmicutes.c__Clostridia.o__Clostridiales.f__Peptostreptococcaceae",-0.0640879500416078,1.5305210670597,-0.0418732883989164,0.966599710485196
"k__Bacteria.p__Firmicutes.c__Clostridia.o__Clostridiales.f__Peptostreptococcaceae.g__Intestinibacter",-0.0628066457478649,1.53058390002621,-0.0410344351242617,0.967268443712153
"k__Bacteria.p__Firmicutes.c__Clostridia.o__Clostridiales.f__Peptostreptococcaceae.g__Intestinibacter.s__Intestinibacter_bartlettii",-0.0628066457478649,1.53058390002621,-0.0410344351242617,0.967268443712153
"k__Viruses.p__Viruses_unclassified.c__Viruses_unclassified.o__Caudovirales.f__Siphoviridae.g__Siphoviridae_unclassified.s__Lactococcus_phage_bIL310",-0.221501712056858,6.35135607084342,-0.0348747117286787,0.972179645460435
"k__Bacteria.p__Firmicutes.c__Clostridia.o__Clostridiales.f__Ruminococcaceae",-0.00137702875253759,0.0522085754047824,-0.0263755281936202,0.978957813030636
"k__Bacteria.p__Bacteroidetes.c__Bacteroidia.o__Bacteroidales.f__Bacteroidaceae.g__Bacteroides.s__Bacteroides_finegoldii",0.0460439218947364,1.91055975961483,0.0240997025416356,0.980773080592
"k__Viruses.p__Viruses_unclassified.c__Viruses_unclassified.o__Caudovirales.f__Siphoviridae.g__Siphoviridae_unclassified",-0.0432149093895187,2.3602046699669,-0.018309814373058,0.985391698042304
"k__Bacteria.p__Firmicutes.c__Clostridia.o__Clostridiales.f__Eubacteriaceae.g__Eubacteriaceae_unclassified",-5013.88211133321,855938.397073453,-0.00585776047490827,0.995326210085109
"k__Bacteria.p__Firmicutes.c__Clostridia.o__Clostridiales.f__Eubacteriaceae.g__Eubacteriaceae_unclassified.s__Eubacteriaceae_bacterium_CHKCI005",-5013.88211133321,855938.397073453,-0.00585776047490827,0.995326210085109
"k__Bacteria.p__Firmicutes.c__Bacilli.o__Lactobacillales.f__Streptococcaceae.g__Streptococcus.s__Streptococcus_vestibularis",-962.964758417874,165742.913001081,-0.0058099905509178,0.995364324321331
"k__Bacteria.p__Firmicutes.c__Clostridia.o__Clostridiales.f__Eubacteriaceae.g__Eubacterium.s__Eubacterium_sp_CAG_180",84.8127310917195,15167.5150596618,0.00559173541335589,0.995538463895784
"k__Bacteria.p__Bacteroidetes.c__Bacteroidia.o__Bacteroidales.f__Bacteroidaceae.g__Bacteroides.s__Bacteroides_faecis",-4598.22734531751,862648.996328288,-0.00533035726568865,0.995747010373979
"k__Viruses.p__Viruses_unclassified.c__Viruses_unclassified.o__Caudovirales.f__Siphoviridae.g__Siphoviridae_unclassified.s__Lactococcus_phage_ul36",-292.022200389892,55005.9254778081,-0.00530892259067084,0.995764112528256
"k__Viruses.p__Viruses_unclassified.c__Viruses_unclassified.o__Caudovirales.f__Siphoviridae.g__Sfi21dt1virus",-1123.72504000194,212696.627947729,-0.00528322922109559,0.995784612583656
"k__Bacteria.p__Firmicutes.c__Clostridia.o__Clostridiales.f__Ruminococcaceae.g__Pseudoflavonifractor.s__Pseudoflavonifractor_capillosus",-675.526858071188,128361.578926481,-0.00526268735334035,0.995801002394934
"k__Bacteria.p__Bacteroidetes.c__Bacteroidia.o__Bacteroidales.f__Bacteroidaceae.g__Bacteroides.s__Bacteroides_massiliensis",-181.109113324478,34441.3468152787,-0.0052584794170748,0.995804359795857
"k__Bacteria.p__Firmicutes.c__Clostridia.o__Clostridiales.f__Ruminococcaceae.g__Ruminococcaceae_unclassified.s__Clostridium_methylpentosum",33452.3756913885,6785310.17968596,0.00493011738675397,0.996066351389418
"k__Viruses.p__Viruses_unclassified.c__Viruses_unclassified.o__Caudovirales.f__Siphoviridae.g__Siphoviridae_unclassified.s__Staphylococcus_phage_phiN315",557.204937236624,113020.622741588,0.00493011738672355,0.996066351389442
"k__Bacteria.p__Actinobacteria.c__Actinobacteria.o__Micrococcales.f__Micrococcaceae.g__Rothia.s__Rothia_dentocariosa",10825.6959234658,2195829.24186488,0.00493011738666516,0.996066351389489
"k__Bacteria.p__Firmicutes.c__Bacilli.o__Lactobacillales.f__Streptococcaceae.g__Streptococcus.s__Streptococcus_gordonii",961.723310575986,195071.077712128,0.00493011738006199,0.996066351394757
"k__Bacteria.p__Actinobacteria.c__Actinobacteria.o__Actinomycetales.f__Actinomycetaceae.g__Actinomyces.s__Actinomyces_sp_HPA0247",2996.94406957639,607884.932402504,0.0049301173788463,0.996066351395727
"k__Bacteria.p__Actinobacteria.c__Actinobacteria.o__Actinomycetales.f__Actinomycetaceae.g__Actinomyces.s__Actinomyces_sp_ICM47",3277.32895164056,664756.779575824,0.00493011737876792,0.99606635139579
"k__Bacteria.p__Firmicutes.c__Negativicutes.o__Veillonellales.f__Veillonellaceae.g__Veillonella.s__Veillonella_sp_CAG_933",253.271516418338,51372.3096146899,0.00493011737875837,0.996066351395797
"k__Bacteria.p__Actinobacteria.c__Actinobacteria.o__Micrococcales.f__Micrococcaceae.g__Rothia.s__Rothia_mucilaginosa",2099.04675082587,425759.995061518,0.00493011737874194,0.99606635139581
"k__Bacteria.p__Actinobacteria.c__Actinobacteria.o__Micrococcales",1758.15042718318,356614.314046181,0.00493011737873061,0.99606635139582
"k__Bacteria.p__Actinobacteria.c__Actinobacteria.o__Micrococcales.f__Micrococcaceae",1758.15042718318,356614.314046181,0.00493011737873061,0.99606635139582
"k__Bacteria.p__Actinobacteria.c__Actinobacteria.o__Micrococcales.f__Micrococcaceae.g__Rothia",1758.15042718318,356614.314046181,0.00493011737873061,0.99606635139582
"k__Bacteria.p__Firmicutes.c__Bacilli.o__Lactobacillales.f__Lactobacillaceae",-1610.7737275415,327054.395513112,-0.00492509426456222,0.996070359212404
"k__Bacteria.p__Firmicutes.c__Bacilli.o__Lactobacillales.f__Lactobacillaceae.g__Lactobacillus",-1610.7737275415,327054.395513112,-0.00492509426456222,0.996070359212404
"k__Bacteria.p__Firmicutes.c__Clostridia.o__Clostridiales.f__Ruminococcaceae.g__Ruminococcaceae_unclassified.s__Ruminococcaceae_bacterium_D5",-32.2406758562505,6666.86417173278,-0.00483595810950366,0.996141478727289
"k__Bacteria.p__Firmicutes.c__Clostridia.o__Clostridiales.f__Lachnospiraceae.g__Roseburia.s__Roseburia_sp_CAG_309",-1145.89731784512,237484.382810686,-0.0048251480972481,0.99615010376854
"k__Bacteria.p__Firmicutes.c__Clostridia.o__Clostridiales.f__Lachnospiraceae.g__Lachnoclostridium.s__Clostridium_citroniae",43781.8516491319,9133636.42725636,0.00479347431856159,0.996175375495272
"k__Bacteria.p__Firmicutes.c__Clostridia.o__Clostridiales.f__Lachnospiraceae.g__Lachnoclostridium.s__Clostridium_bolteae",40864.8686569404,8565842.46457566,0.00477067711972739,0.996193564820271
"k__Bacteria.p__Firmicutes.c__Clostridia.o__Clostridiales.f__Clostridiales_unclassified.g__Clostridiales_unclassified",56.5703179753905,12162.0579512182,0.0046513771108716,0.996288751399104
"k__Bacteria.p__Firmicutes.c__Clostridia.o__Clostridiales.f__Clostridiales_unclassified.g__Clostridiales_unclassified.s__Clostridiales_bacterium_1_7_47FAA",56.5703179753905,12162.0579512182,0.0046513771108716,0.996288751399104
"k__Bacteria.p__Firmicutes.c__Clostridia.o__Clostridiales.f__Eubacteriaceae.g__Eubacterium.s__Eubacterium_callanderi",9928.37888365842,2135980.79408214,0.00464815924898088,0.99629131885367
"k__Viruses.p__Viruses_unclassified.c__Viruses_unclassified.o__Caudovirales.f__Siphoviridae.g__Siphoviridae_unclassified.s__Streptococcus_phage_MM1",990.454441569972,213085.307257861,0.00464815924812401,0.996291318854354
"k__Bacteria.p__Firmicutes.c__Clostridia.o__Clostridiales.f__Lachnospiraceae.g__Murimonas",2033.52338545998,437490.042296649,0.00464815924674489,0.996291318855454
"k__Bacteria.p__Firmicutes.c__Clostridia.o__Clostridiales.f__Lachnospiraceae.g__Murimonas.s__Murimonas_intestini",2033.52338545998,437490.042296649,0.00464815924674489,0.996291318855454
"k__Bacteria.p__Firmicutes.c__Bacilli.o__Lactobacillales.f__Leuconostocaceae",2052.63333411031,441601.336364852,0.00464815924473205,0.99629131885706
"k__Bacteria.p__Firmicutes.c__Bacilli.o__Lactobacillales.f__Leuconostocaceae.g__Weissella",2052.63333411031,441601.336364852,0.00464815924473205,0.99629131885706
"k__Bacteria.p__Firmicutes.c__Bacilli.o__Lactobacillales.f__Leuconostocaceae.g__Weissella.s__Weissella_cibaria",2052.63333411031,441601.336364852,0.00464815924473205,0.99629131885706
"k__Bacteria.p__Firmicutes.c__Clostridia.o__Clostridiales.f__Clostridiaceae.g__Clostridium.s__Clostridium_sp_chh4_2",2130.35783293622,458322.90209965,0.00464815924139228,0.996291318859725
"k__Viruses.p__Viruses_unclassified.c__Viruses_unclassified.o__Ortervirales",348.364171306626,74946.6946768608,0.00464815923915829,0.996291318861507
"k__Viruses.p__Viruses_unclassified.c__Viruses_unclassified.o__Ortervirales.f__Retroviridae",348.364171306626,74946.6946768608,0.00464815923915829,0.996291318861507
"k__Viruses.p__Viruses_unclassified.c__Viruses_unclassified.o__Ortervirales.f__Retroviridae.g__Retroviridae_unclassified",348.364171306626,74946.6946768608,0.00464815923915829,0.996291318861507
"k__Viruses.p__Viruses_unclassified.c__Viruses_unclassified.o__Ortervirales.f__Retroviridae.g__Retroviridae_unclassified.s__Human_endogenous_retrovirus_K",348.364171306626,74946.6946768608,0.00464815923915829,0.996291318861507
"k__Bacteria.p__Firmicutes.c__Negativicutes.o__Acidaminococcales.f__Acidaminococcaceae.g__Acidaminococcus.s__Acidaminococcus_intestini",-431.053077099691,93051.8001337247,-0.00463239912049229,0.996303893481487
"k__Bacteria.p__Firmicutes.c__Negativicutes.o__Acidaminococcales.f__Acidaminococcaceae.g__Acidaminococcus.s__Acidaminococcus_fermentans",1291.31652524296,279786.451402943,0.00461536474967916,0.996317484797668
"k__Bacteria.p__Bacteroidetes.c__Bacteroidia.o__Bacteroidales.f__Barnesiellaceae.g__Coprobacter.s__Coprobacter_secundus",133.220601684924,28864.587938411,0.00461536474967805,0.996317484797669
"k__Bacteria.p__Firmicutes.c__Negativicutes.o__Veillonellales.f__Veillonellaceae.g__Allisonella",352.698776645532,76418.3971961354,0.00461536474967272,0.996317484797673
"k__Bacteria.p__Firmicutes.c__Negativicutes.o__Veillonellales.f__Veillonellaceae.g__Allisonella.s__Allisonella_histaminiformans",352.698776645532,76418.3971961354,0.00461536474967272,0.996317484797673
"k__Bacteria.p__Firmicutes.c__Erysipelotrichia.o__Erysipelotrichales.f__Erysipelotrichaceae.g__Catenibacterium",100.391553040187,21751.5967828521,0.00461536474965052,0.996317484797691
"k__Bacteria.p__Firmicutes.c__Erysipelotrichia.o__Erysipelotrichales.f__Erysipelotrichaceae.g__Catenibacterium.s__Catenibacterium_mitsuokai",100.391553040187,21751.5967828521,0.00461536474965052,0.996317484797691
"k__Bacteria.p__Bacteroidetes.c__Bacteroidia.o__Bacteroidales.f__Bacteroidaceae.g__Bacteroides.s__Bacteroides_plebeius",10.4487045378577,2263.89572756149,0.0046153647496443,0.996317484797696
"k__Bacteria.p__Bacteroidetes.c__Bacteroidia.o__Bacteroidales.f__Bacteroidaceae.g__Bacteroides.s__Bacteroides_stercorirosoris",2623.45052686131,568416.727424499,0.00461536474964097,0.996317484797698
"k__Bacteria.p__Bacteroidetes.c__Bacteroidia.o__Bacteroidales.f__Prevotellaceae",9.46210624699703,2050.13184445161,0.0046153647496403,0.996317484797699
"k__Bacteria.p__Bacteroidetes.c__Bacteroidia.o__Bacteroidales.f__Prevotellaceae.g__Prevotella",9.46210624699703,2050.13184445161,0.0046153647496403,0.996317484797699
"k__Bacteria.p__Bacteroidetes.c__Bacteroidia.o__Bacteroidales.f__Prevotellaceae.g__Prevotella.s__Prevotella_copri",9.46210624699703,2050.13184445161,0.0046153647496403,0.996317484797699
"k__Bacteria.p__Proteobacteria.c__Gammaproteobacteria.o__Enterobacterales.f__Enterobacteriaceae.g__Klebsiella.s__Klebsiella_michiganensis",31.1899416947789,6757.84978797974,0.00461536474963631,0.996317484797702
"k__Bacteria.p__Firmicutes.c__Erysipelotrichia.o__Erysipelotrichales.f__Erysipelotrichaceae.g__Massiliomicrobiota",5852.31271376857,1268006.54579492,0.0046153647496352,0.996317484797703
"k__Bacteria.p__Firmicutes.c__Erysipelotrichia.o__Erysipelotrichales.f__Erysipelotrichaceae.g__Massiliomicrobiota.s__Massiliomicrobiota_timonensis",5852.31271376857,1268006.54579492,0.0046153647496352,0.996317484797703
"k__Bacteria.p__Proteobacteria.c__Gammaproteobacteria.o__Enterobacterales.f__Enterobacteriaceae.g__Metakosakonia",990.7333514359,214659.816760409,0.0046153647496201,0.996317484797715
"k__Bacteria.p__Proteobacteria.c__Gammaproteobacteria.o__Enterobacterales.f__Enterobacteriaceae.g__Metakosakonia.s__Kluyvera_intestini",990.7333514359,214659.816760409,0.0046153647496201,0.996317484797715
"k__Bacteria.p__Bacteroidetes.c__Bacteroidia.o__Bacteroidales.f__Bacteroidaceae.g__Bacteroides.s__Bacteroides_sp_D2",7483.28510941136,1621385.4192197,0.0046153647496181,0.996317484797717
"k__Bacteria.p__Firmicutes.c__Negativicutes.o__Veillonellales.f__Veillonellaceae.g__Megasphaera",39.159337022743,8484.55954125513,0.00461536474961788,0.996317484797717
"k__Bacteria.p__Firmicutes.c__Negativicutes.o__Veillonellales.f__Veillonellaceae.g__Megasphaera.s__Megasphaera_elsdenii",39.159337022743,8484.55954125513,0.00461536474961788,0.996317484797717
"k__Viruses.p__Viruses_unclassified.c__Viruses_unclassified.o__Caudovirales.f__Siphoviridae.g__Hk97virus",1373.90637072726,297680.994950963,0.00461536474961588,0.996317484797718
"k__Viruses.p__Viruses_unclassified.c__Viruses_unclassified.o__Caudovirales.f__Siphoviridae.g__Hk97virus.s__Escherichia_virus_HK544",1373.90637072726,297680.994950963,0.00461536474961588,0.996317484797718
"k__Viruses.p__Viruses_unclassified.c__Viruses_unclassified.o__Caudovirales.f__Siphoviridae.g__Siphoviridae_unclassified.s__Stx2_converting_phage_1717",285.211116322529,61796.007855395,0.00461536474961188,0.996317484797721
"k__Bacteria.p__Firmicutes.c__Clostridia.o__Clostridiales.f__Lachnospiraceae.g__Lachnoclostridium.s__Lachnoclostridium_sp_An131",382.632348427704,82904.0323324372,0.00461536474961055,0.996317484797723
"k__Bacteria.p__Proteobacteria.c__Gammaproteobacteria.o__Pasteurellales",295.122283287059,63943.4366074698,0.00461536474961033,0.996317484797723
"k__Bacteria.p__Proteobacteria.c__Gammaproteobacteria.o__Pasteurellales.f__Pasteurellaceae",295.122283287059,63943.4366074698,0.00461536474961033,0.996317484797723
"k__Bacteria.p__Proteobacteria.c__Gammaproteobacteria.o__Pasteurellales.f__Pasteurellaceae.g__Haemophilus",295.122283287059,63943.4366074698,0.00461536474961033,0.996317484797723
"k__Bacteria.p__Proteobacteria.c__Gammaproteobacteria.o__Pasteurellales.f__Pasteurellaceae.g__Haemophilus.s__Haemophilus_parainfluenzae",295.122283287059,63943.4366074698,0.00461536474961033,0.996317484797723
"k__Bacteria.p__Actinobacteria.c__Actinobacteria.o__Bifidobacteriales.f__Bifidobacteriaceae.g__Bifidobacterium.s__Bifidobacterium_pullorum",1028.68820658979,222883.404107461,0.00461536474960611,0.996317484797726
"k__Bacteria.p__Firmicutes.c__Negativicutes.o__Acidaminococcales.f__Acidaminococcaceae.g__Acidaminococcus.s__Acidaminococcus_sp_CAG_542",10.2693518483786,2225.03581093257,0.00461536474960123,0.99631748479773
"k__Viruses.p__Viruses_unclassified.c__Viruses_unclassified.o__Caudovirales.f__Siphoviridae.g__Jerseyvirus",67.1294693638718,14544.780966591,0.004615364749601,0.99631748479773
"k__Viruses.p__Viruses_unclassified.c__Viruses_unclassified.o__Caudovirales.f__Siphoviridae.g__Jerseyvirus.s__Salmonella_virus_Jersey",67.1294693638718,14544.780966591,0.004615364749601,0.99631748479773
"k__Viruses.p__Viruses_unclassified.c__Viruses_unclassified.o__Caudovirales.f__Siphoviridae.g__Siphoviridae_unclassified.s__Brochothrix_phage_NF5",115.396673620525,25002.7202358241,0.00461536474959967,0.996317484797731
"k__Bacteria.p__Firmicutes.c__Firmicutes_unclassified.o__Firmicutes_unclassified.f__Firmicutes_unclassified.g__Firmicutes_unclassified.s__Firmicutes_bacterium_CAG_110",71.0475317781133,15393.698143637,0.00461536474959923,0.996317484797732
"k__Viruses.p__Viruses_unclassified.c__Viruses_unclassified.o__Caudovirales.f__Siphoviridae.g__Siphoviridae_unclassified.s__Enterobacteria_phage_mEp460",1521.60130558133,329681.701909686,0.00461536474959767,0.996317484797733
"k__Bacteria.p__Firmicutes.c__Negativicutes.o__Veillonellales.f__Veillonellaceae.g__Veillonella.s__Veillonella_infantium",2983.53197173019,646434.709631281,0.00461536474956915,0.996317484797756
"k__Bacteria.p__Proteobacteria.c__Betaproteobacteria.o__Burkholderiales.f__Comamonadaceae",452.745243417043,98095.2249686464,0.00461536474952528,0.996317484797791
"k__Bacteria.p__Proteobacteria.c__Betaproteobacteria.o__Burkholderiales.f__Comamonadaceae.g__Comamonas",452.745243417043,98095.2249686464,0.00461536474952528,0.996317484797791
"k__Bacteria.p__Proteobacteria.c__Betaproteobacteria.o__Burkholderiales.f__Comamonadaceae.g__Comamonas.s__Comamonas_kerstersii",452.745243417043,98095.2249686464,0.00461536474952528,0.996317484797791
"k__Bacteria.p__Firmicutes.c__Negativicutes.o__Veillonellales.f__Veillonellaceae.g__Veillonella.s__Veillonella_sp_T11011_6",4378.70879304806,948724.322059074,0.00461536474952459,0.996317484797791
"k__Bacteria.p__Firmicutes.c__Negativicutes.o__Veillonellales.f__Veillonellaceae.g__Veillonella.s__Veillonella_parvula",108.39546255491,23485.7846465224,0.00461536474877625,0.996317484798388
"k__Bacteria.p__Firmicutes.c__Clostridia.o__Clostridiales.f__Clostridiaceae.g__Clostridium.s__Clostridium_sp_CAG_299",1553.29749785614,342387.99062614,0.00453665882093457,0.99638028238555
"k__Bacteria.p__Firmicutes.c__Negativicutes.o__Veillonellales.f__Veillonellaceae.g__Veillonella.s__Veillonella_atypica",392.640523570919,86669.2146761396,0.00453033438733828,0.996385328501617
"k__Viruses.p__Viruses_unclassified.c__Viruses_unclassified.o__Caudovirales.f__Siphoviridae.g__Siphoviridae_unclassified.s__Lactococcus_phage_bIL311",-152.009056691873,33968.3398131789,-0.00447502166805625,0.996429461218964
"k__Viruses.p__Viruses_unclassified.c__Viruses_unclassified.o__Caudovirales.f__Siphoviridae.g__Siphoviridae_unclassified.s__Pseudomonas_phage_phi297",-206.053589282812,46406.8083551039,-0.00444015860142966,0.996457277645207
"k__Bacteria.p__Firmicutes.c__Clostridia.o__Clostridiales.f__Ruminococcaceae.g__Anaerotruncus.s__Anaerotruncus_sp_CAG_528",-55.9108424672386,12592.0822849083,-0.0044401586014291,0.996457277645208
"k__Bacteria.p__Firmicutes.c__Erysipelotrichia.o__Erysipelotrichales.f__Erysipelotrichaceae.g__Faecalitalea",-16.8470369493623,3794.24215701213,-0.0044401586014291,0.996457277645208
"k__Bacteria.p__Firmicutes.c__Erysipelotrichia.o__Erysipelotrichales.f__Erysipelotrichaceae.g__Faecalitalea.s__Faecalitalea_cylindroides",-16.8470369493623,3794.24215701213,-0.0044401586014291,0.996457277645208
"k__Bacteria.p__Firmicutes.c__Clostridia.o__Clostridiales.f__Ruminococcaceae.g__Harryflintia",-71.4009775073575,16080.726820069,-0.00444015860142888,0.996457277645208
"k__Bacteria.p__Firmicutes.c__Clostridia.o__Clostridiales.f__Ruminococcaceae.g__Harryflintia.s__Harryflintia_acetispora",-71.4009775073575,16080.726820069,-0.00444015860142888,0.996457277645208
"k__Viruses.p__Viruses_unclassified.c__Viruses_unclassified.o__Caudovirales.f__Siphoviridae.g__Siphoviridae_unclassified.s__Lactococcus_phage_BM13",-319.673675820926,71996.003863027,-0.00444015860142888,0.996457277645208
"k__Bacteria.p__Firmicutes.c__Bacilli.o__Lactobacillales.f__Lactobacillaceae.g__Lactobacillus.s__Lactobacillus_paragasseri",-14.5023103927813,3266.16945352246,-0.00444015860142866,0.996457277645208
"k__Bacteria.p__Firmicutes.c__Clostridia.o__Clostridiales.f__Lachnospiraceae.g__Anaerostipes.s__Anaerostipes_sp_992a",-158.882674442481,35783.1079257788,-0.00444015860142821,0.996457277645208
"k__Bacteria.p__Firmicutes.c__Bacilli.o__Lactobacillales.f__Lactobacillaceae.g__Lactobacillus.s__Lactobacillus_curvatus",-135.082040036608,30422.7961571382,-0.00444015860142799,0.996457277645209
"k__Bacteria.p__Actinobacteria.c__Actinobacteria.o__Bifidobacteriales.f__Bifidobacteriaceae.g__Bifidobacterium.s__Bifidobacterium_bifidum",-2.99569534384192,674.682058176623,-0.00444015860142777,0.996457277645209
"k__Bacteria.p__Firmicutes.c__Clostridia.o__Clostridiales.f__Ruminococcaceae.g__Ruminococcus.s__Ruminococcus_obeum_CAG_39",-1839.3788990953,414259.729033965,-0.00444015860142777,0.996457277645209
"k__Viruses.p__Viruses_unclassified.c__Viruses_unclassified.o__Viruses_unclassified",-369.656323366178,83252.9548037589,-0.00444015860142766,0.996457277645209
"k__Viruses.p__Viruses_unclassified.c__Viruses_unclassified.o__Viruses_unclassified.f__Viruses_unclassified",-369.656323366178,83252.9548037589,-0.00444015860142766,0.996457277645209
"k__Viruses.p__Viruses_unclassified.c__Viruses_unclassified.o__Viruses_unclassified.f__Viruses_unclassified.g__Viruses_unclassified",-369.656323366178,83252.9548037589,-0.00444015860142766,0.996457277645209
"k__Viruses.p__Viruses_unclassified.c__Viruses_unclassified.o__Viruses_unclassified.f__Viruses_unclassified.g__Viruses_unclassified.s__Pseudomonas_phage_PA16",-369.656323366178,83252.9548037589,-0.00444015860142766,0.996457277645209
"k__Bacteria.p__Actinobacteria.c__Coriobacteriia.o__Eggerthellales.f__Eggerthellaceae.g__Slackia",-41.5361861539328,9354.66272321435,-0.00444015860142744,0.996457277645209
"k__Bacteria.p__Actinobacteria.c__Coriobacteriia.o__Eggerthellales.f__Eggerthellaceae.g__Slackia.s__Slackia_isoflavoniconvertens",-41.5361861539328,9354.66272321435,-0.00444015860142744,0.996457277645209
"k__Bacteria.p__Proteobacteria.c__Gammaproteobacteria.o__Enterobacterales.f__Enterobacteriaceae.g__Klebsiella.s__Klebsiella_pneumoniae",-0.785624482548522,176.936130681471,-0.00444015860142688,0.996457277645209
"k__Bacteria.p__Proteobacteria.c__Gammaproteobacteria.o__Enterobacterales.f__Enterobacteriaceae.g__Citrobacter",-668.165404578196,150482.328348251,-0.00444015860142666,0.99645727764521
"k__Bacteria.p__Proteobacteria.c__Gammaproteobacteria.o__Enterobacterales.f__Enterobacteriaceae.g__Citrobacter.s__Citrobacter_amalonaticus",-668.165404578196,150482.328348251,-0.00444015860142666,0.99645727764521
"k__Viruses.p__Viruses_unclassified.c__Viruses_unclassified.o__Caudovirales.f__Siphoviridae.g__Sfi21dt1virus.s__Streptococcus_virus_Sfi21",-124.38796548903,28014.3068423433,-0.00444015860142644,0.99645727764521
"k__Viruses.p__Viruses_unclassified.c__Viruses_unclassified.o__Caudovirales.f__Siphoviridae.g__Siphoviridae_unclassified.s__Lactococcus_phage_bIL312",-266.233229559892,59960.2972457701,-0.00444015860142644,0.99645727764521
"k__Viruses.p__Viruses_unclassified.c__Viruses_unclassified.o__Caudovirales.f__Siphoviridae.g__Sfi21dt1virus.s__Streptococcus_virus_7201",-196.774599376738,44317.0204130844,-0.00444015860142621,0.99645727764521
"k__Bacteria.p__Actinobacteria.c__Actinobacteria.o__Actinomycetales.f__Actinomycetaceae.g__Actinomyces.s__Actinomyces_viscosus",-1161.00915309724,261479.207685142,-0.00444015860142599,0.99645727764521
"k__Bacteria.p__Firmicutes.c__Bacilli.o__Lactobacillales.f__Lactobacillaceae.g__Lactobacillus.s__Lactobacillus_salivarius",-5.08729354095263,1145.74590631037,-0.00444015860142599,0.99645727764521
"k__Bacteria.p__Firmicutes.c__Clostridia.o__Clostridiales.f__Lachnospiraceae.g__Anaerostipes.s__Anaerostipes_caccae",-1033.29814625657,232716.494839795,-0.00444015860142577,0.99645727764521
"k__Bacteria.p__Proteobacteria.c__Gammaproteobacteria.o__Enterobacterales.f__Enterobacteriaceae.g__Klebsiella.s__Klebsiella_quasipneumoniae",-8.4573420026584,1904.73871810405,-0.00444015860142577,0.99645727764521
"k__Bacteria.p__Firmicutes.c__Clostridia.o__Clostridiales.f__Lachnospiraceae.g__Robinsoniella",-1428.1356492977,321640.683924936,-0.00444015860142555,0.996457277645211
"k__Bacteria.p__Firmicutes.c__Clostridia.o__Clostridiales.f__Lachnospiraceae.g__Robinsoniella.s__Robinsoniella_sp_RHS",-1428.1356492977,321640.683924936,-0.00444015860142555,0.996457277645211
"k__Bacteria.p__Firmicutes.c__Negativicutes.o__Veillonellales.f__Veillonellaceae.g__Anaeroglobus",-18.6934717687346,4210.09100051807,-0.00444015860142555,0.996457277645211
"k__Bacteria.p__Firmicutes.c__Negativicutes.o__Veillonellales.f__Veillonellaceae.g__Anaeroglobus.s__Anaeroglobus_geminatus",-18.6934717687346,4210.09100051807,-0.00444015860142555,0.996457277645211
"k__Bacteria.p__Proteobacteria.c__Deltaproteobacteria.o__Desulfovibrionales.f__Desulfovibrionaceae.g__Desulfovibrio",-10.1542076768198,2286.90202047298,-0.00444015860142521,0.996457277645211
"k__Bacteria.p__Proteobacteria.c__Deltaproteobacteria.o__Desulfovibrionales.f__Desulfovibrionaceae.g__Desulfovibrio.s__Desulfovibrio_piger",-10.1542076768198,2286.90202047298,-0.00444015860142521,0.996457277645211
"k__Viruses.p__Viruses_unclassified.c__Viruses_unclassified.o__Caudovirales.f__Siphoviridae.g__Siphoviridae_unclassified.s__Streptococcus_phage_PH15",-353.655496000818,79649.2935831942,-0.00444015860142466,0.996457277645211
"k__Bacteria.p__Firmicutes.c__Bacilli.o__Lactobacillales.f__Streptococcaceae.g__Streptococcus.s__Streptococcus_anginosus_group",-47.5336719966469,10705.3995732039,-0.00444015860142444,0.996457277645211
"k__Bacteria.p__Firmicutes.c__Clostridia.o__Clostridiales.f__Clostridiaceae.g__Lactonifactor",-146.910332745338,33086.7308879931,-0.00444015860142444,0.996457277645211
"k__Bacteria.p__Firmicutes.c__Clostridia.o__Clostridiales.f__Clostridiaceae.g__Lactonifactor.s__Lactonifactor_longoviformis",-146.910332745338,33086.7308879931,-0.00444015860142444,0.996457277645211
"k__Bacteria.p__Proteobacteria.c__Gammaproteobacteria.o__Enterobacterales.f__Enterobacteriaceae.g__Klebsiella.s__Klebsiella_variicola",-2.40299593387762,541.195968339222,-0.00444015860142444,0.996457277645211
"k__Viruses.p__Viruses_unclassified.c__Viruses_unclassified.o__Caudovirales.f__Siphoviridae.g__Sfi21dt1virus.s__Streptococcus_virus_phiAbc2",-101.491035858336,22857.5249149381,-0.00444015860142444,0.996457277645211
"k__Bacteria.p__Firmicutes.c__Bacilli.o__Lactobacillales.f__Lactobacillaceae.g__Lactobacillus.s__Lactobacillus_animalis",-234.370493480466,52784.2616714839,-0.00444015860142422,0.996457277645212
"k__Bacteria.p__Firmicutes.c__Bacilli.o__Lactobacillales.f__Lactobacillaceae.g__Lactobacillus.s__Lactobacillus_fermentum",-282.913005095204,63716.8692587854,-0.00444015860142399,0.996457277645212
"k__Viruses.p__Viruses_unclassified.c__Viruses_unclassified.o__Caudovirales.f__Siphoviridae.g__Sfi21dt1virus.s__Streptococcus_virus_DT1",-1119.57096790064,252146.61646131,-0.00444015860142399,0.996457277645212
"k__Bacteria.p__Firmicutes.c__Clostridia.o__Clostridiales.f__Lachnospiraceae.g__Lachnoclostridium.s__Clostridium_aldenense",-1441.02284547671,324543.101909627,-0.00444015860142355,0.996457277645212
"k__Bacteria.p__Bacteroidetes.c__Bacteroidia.o__Bacteroidales.f__Bacteroidaceae.g__Bacteroides.s__Bacteroides_faecis_CAG_32",-18.2031797786115,4099.66882101382,-0.00444015860142333,0.996457277645212
"k__Bacteria.p__Firmicutes.c__Bacilli.o__Lactobacillales.f__Lactobacillaceae.g__Lactobacillus.s__Lactobacillus_rhamnosus",-13617.1073537658,3066806.65177128,-0.00444015841230194,0.996457277796108
"k__Viruses.p__Viruses_unclassified.c__Viruses_unclassified.o__Caudovirales.f__Myoviridae.g__Felixo1virus.s__Salmonella_virus_FelixO1",-0.771499027674249,173.754842966135,-0.00444015841230172,0.996457277796108
"k__Viruses.p__Viruses_unclassified.c__Viruses_unclassified.o__Caudovirales.f__Siphoviridae.g__Siphoviridae_unclassified.s__Lactobacillus_phage_Lrm1",-328.829436285246,74058.0415721667,-0.00444015841230172,0.996457277796108
"k__Archaea.p__Euryarchaeota.c__Methanobacteria.o__Methanobacteriales.f__Methanobacteriaceae.g__Methanosphaera",-147.576816654275,33236.8359303154,-0.0044401584123015,0.996457277796108
"k__Archaea.p__Euryarchaeota.c__Methanobacteria.o__Methanobacteriales.f__Methanobacteriaceae.g__Methanosphaera.s__Methanosphaera_stadtmanae",-147.576816654275,33236.8359303154,-0.0044401584123015,0.996457277796108
"k__Bacteria.p__Firmicutes.c__Bacilli.o__Lactobacillales.f__Lactobacillaceae.g__Lactobacillus.s__Lactobacillus_sakei",-1854.91747480023,417759.301033306,-0.0044401584123015,0.996457277796108
"k__Bacteria.p__Firmicutes.c__Clostridia.o__Clostridiales.f__Christensenellaceae",-4634.84656632143,1043847.11894074,-0.0044401584123015,0.996457277796108
"k__Bacteria.p__Firmicutes.c__Clostridia.o__Clostridiales.f__Christensenellaceae.g__Christensenella",-4634.84656632143,1043847.11894074,-0.0044401584123015,0.996457277796108
"k__Bacteria.p__Firmicutes.c__Clostridia.o__Clostridiales.f__Christensenellaceae.g__Christensenella.s__Christensenella_minuta",-4634.84656632143,1043847.11894074,-0.0044401584123015,0.996457277796108
"k__Viruses.p__Viruses_unclassified.c__Viruses_unclassified.o__Caudovirales.f__Podoviridae",-386.32215716644,87006.3906044728,-0.0044401584123015,0.996457277796108
"k__Viruses.p__Viruses_unclassified.c__Viruses_unclassified.o__Caudovirales.f__Podoviridae.g__Podoviridae_unclassified",-386.32215716644,87006.3906044728,-0.0044401584123015,0.996457277796108
"k__Viruses.p__Viruses_unclassified.c__Viruses_unclassified.o__Caudovirales.f__Podoviridae.g__Podoviridae_unclassified.s__Enterococcus_phage_EF62phi",-386.32215716644,87006.3906044728,-0.0044401584123015,0.996457277796108
"k__Bacteria.p__Bacteroidetes.c__Bacteroidia.o__Bacteroidales.f__Dysgonamonadaceae",-7539.08518727817,1697931.57973631,-0.00444015841230128,0.996457277796108
"k__Bacteria.p__Bacteroidetes.c__Bacteroidia.o__Bacteroidales.f__Dysgonamonadaceae.g__Dysgonomonas",-7539.08518727817,1697931.57973631,-0.00444015841230128,0.996457277796108
"k__Bacteria.p__Bacteroidetes.c__Bacteroidia.o__Bacteroidales.f__Dysgonamonadaceae.g__Dysgonomonas.s__Dysgonomonas_mossii",-7539.08518727817,1697931.57973631,-0.00444015841230128,0.996457277796108
"k__Bacteria.p__Firmicutes.c__Clostridia.o__Clostridiales.f__Oscillospiraceae.g__Oscillibacter.s__Oscillibacter_sp_CAG_241",-1655.61437194703,372872.816285163,-0.00444015841230128,0.996457277796108
"k__Bacteria.p__Firmicutes.c__Clostridia.o__Clostridiales.f__Ruminococcaceae.g__Flavonifractor.s__Flavonifractor_sp_An100",-843.30621633983,189927.056206708,-0.00444015841230128,0.996457277796108
"k__Bacteria.p__Proteobacteria.c__Gammaproteobacteria.o__Enterobacterales.f__Enterobacteriaceae.g__Klebsiella.s__Klebsiella_oxytoca",-61.8240540821416,13923.8397240199,-0.00444015841230128,0.996457277796108
"k__Viruses.p__Viruses_unclassified.c__Viruses_unclassified.o__Caudovirales.f__Myoviridae.g__Felixo1virus",-0.367931412589677,82.864478792094,-0.00444015841230128,0.996457277796108
"k__Viruses.p__Viruses_unclassified.c__Viruses_unclassified.o__Caudovirales.f__Myoviridae.g__Felixo1virus.s__Escherichia_virus_wV8",-0.703373403746141,158.411781389933,-0.00444015841230128,0.996457277796108
"k__Bacteria.p__Bacteroidetes.c__Bacteroidia.o__Bacteroidales.f__Bacteroidaceae.g__Bacteroides.s__Bacteroides_eggerthii",-1402.38600126945,317502.36012526,-0.0044169309504225,0.996475810447595
"k__Bacteria.p__Actinobacteria.c__Actinobacteria.o__Propionibacteriales",-931.966302177972,212652.379811403,-0.00438258110727241,0.996503217391839
"k__Bacteria.p__Actinobacteria.c__Actinobacteria.o__Propionibacteriales.f__Propionibacteriaceae",-931.966302177972,212652.379811403,-0.00438258110727241,0.996503217391839
"k__Bacteria.p__Actinobacteria.c__Actinobacteria.o__Propionibacteriales.f__Propionibacteriaceae.g__Propionibacterium",-931.966302177972,212652.379811403,-0.00438258110727241,0.996503217391839
"k__Bacteria.p__Actinobacteria.c__Actinobacteria.o__Propionibacteriales.f__Propionibacteriaceae.g__Propionibacterium.s__Propionibacterium_freudenreichii",-931.966302177972,212652.379811403,-0.00438258110727241,0.996503217391839
"k__Bacteria.p__Firmicutes.c__Erysipelotrichia.o__Erysipelotrichales.f__Erysipelotrichaceae.g__Turicibacter",-990.919525944365,226575.621998014,-0.00437346046854525,0.996510494538922
"k__Bacteria.p__Firmicutes.c__Erysipelotrichia.o__Erysipelotrichales.f__Erysipelotrichaceae.g__Turicibacter.s__Turicibacter_sanguinis",-990.919525944365,226575.621998014,-0.00437346046854525,0.996510494538922
"k__Bacteria.p__Firmicutes.c__Firmicutes_unclassified.o__Firmicutes_unclassified.f__Firmicutes_unclassified.g__Firmicutes_unclassified.s__Firmicutes_bacterium_CAG_145",1658.83405966844,382742.666136591,0.00433407144390965,0.996541922135681
"k__Bacteria.p__Bacteroidetes.c__Bacteroidia.o__Bacteroidales.f__Bacteroidaceae.g__Bacteroides.s__Bacteroides_galacturonicus",-725.867554518802,169369.157839483,-0.00428571272230527,0.996580506454669
"k__Bacteria.p__Firmicutes.c__Clostridia.o__Clostridiales.f__Eubacteriaceae.g__Eubacterium.s__Eubacterium_limosum",-4686.92258494406,1098939.03266475,-0.00426495232731794,0.99659707070192
"k__Bacteria.p__Firmicutes.c__Firmicutes_unclassified.o__Firmicutes_unclassified.f__Firmicutes_unclassified.g__Firmicutes_unclassified.s__Firmicutes_bacterium_CAG_646",-67.5917209702268,15848.1773728835,-0.00426495232731794,0.99659707070192
"k__Bacteria.p__Firmicutes.c__Clostridia.o__Clostridiales.f__Peptostreptococcaceae.g__Romboutsia",-7634.80602072321,1790126.93103767,-0.00426495232731772,0.99659707070192
"k__Bacteria.p__Firmicutes.c__Clostridia.o__Clostridiales.f__Peptostreptococcaceae.g__Romboutsia.s__Romboutsia_ilealis",-7634.80602072321,1790126.93103767,-0.00426495232731772,0.99659707070192
"k__Viruses.p__Viruses_unclassified.c__Viruses_unclassified.o__Caudovirales.f__Siphoviridae.g__Sk1virus",-184.645669794234,43293.7242021645,-0.00426495232731683,0.996597070701921
"k__Viruses.p__Viruses_unclassified.c__Viruses_unclassified.o__Caudovirales.f__Siphoviridae.g__Sk1virus.s__Lactococcus_phage_jm3",-184.645669794234,43293.7242021645,-0.00426495232731683,0.996597070701921
"k__Bacteria.p__Firmicutes.c__Clostridia.o__Clostridiales.f__Lachnospiraceae.g__Lachnoclostridium.s__Lachnoclostridium_sp_An138",-681.183742664392,159716.613548404,-0.00426495232731661,0.996597070701921
"k__Viruses.p__Viruses_unclassified.c__Viruses_unclassified.o__Caudovirales.f__Siphoviridae.g__Siphoviridae_unclassified.s__Lactococcus_phage_1706",-169.901533640086,39836.6782559053,-0.00426495232731661,0.996597070701921
"k__Bacteria.p__Firmicutes.c__Bacilli.o__Lactobacillales.f__Streptococcaceae.g__Streptococcus.s__Streptococcus_lutetiensis",-1.36340118230918,319.675597210518,-0.00426495232731616,0.996597070701922
"k__Bacteria.p__Firmicutes.c__Bacilli.o__Lactobacillales.f__Lactobacillaceae.g__Lactobacillus.s__Lactobacillus_rogosae",-777.912462231547,182396.519944615,-0.00426495232731283,0.996597070701924
"k__Bacteria.p__Bacteroidetes.c__Bacteroidia.o__Bacteroidales.f__Barnesiellaceae.g__Coprobacter.s__Coprobacter_fastidiosus",-101.224141950603,24214.1948636605,-0.00418036372964503,0.996664562036287
"k__Bacteria.p__Firmicutes.c__Clostridia.o__Clostridiales.f__Ruminococcaceae.g__Anaeromassilibacillus",-1431.45012814089,343751.180457053,-0.00416420425447739,0.99667745531981
"k__Bacteria.p__Firmicutes.c__Clostridia.o__Clostridiales.f__Ruminococcaceae.g__Anaeromassilibacillus.s__Anaeromassilibacillus_sp_An250",-1431.45012814089,343751.180457053,-0.00416420425447739,0.99667745531981
"k__Bacteria.p__Bacteroidetes.c__Bacteroidia.o__Bacteroidales.f__Bacteroidaceae.g__Bacteroides.s__Bacteroides_salyersiae",-83.8635404474956,20489.7596579508,-0.00409294895828383,0.996734308335971
"k__Bacteria.p__Firmicutes.c__Negativicutes.o__Veillonellales.f__Veillonellaceae.g__Veillonella",123.068235027139,30594.78262749,0.00402252359578982,0.996790499182783
"k__Bacteria.p__Actinobacteria.c__Actinobacteria.o__Bifidobacteriales.f__Bifidobacteriaceae.g__Bifidobacterium.s__Bifidobacterium_adolescentis",17.697249001169,4464.46462077697,0.00396402491774905,0.996837174002667
"k__Bacteria.p__Actinobacteria.c__Actinobacteria.o__Actinomycetales.f__Actinomycetaceae.g__Actinomyces.s__Actinomyces_oris",-1341.48995993891,347633.129889105,-0.00385892437917767,0.99692103145819
