"term","estimate","std.error","statistic","p.value","coef.type"
"k__Bacteria.p__Firmicutes.c__Clostridia.o__Clostridiales.f__Ruminococcaceae.g__Agathobaculum",5.40333736373875,2.68100381859998,2.01541576563676,0.0438611038965159,"location"
"k__Bacteria.p__Firmicutes.c__Clostridia.o__Clostridiales.f__Ruminococcaceae.g__Agathobaculum.s__Agathobaculum_butyriciproducens",5.40333736373875,2.68100381859998,2.01541576563676,0.0438611038965159,"location"
"k__Bacteria.p__Bacteroidetes.c__Bacteroidia.o__Bacteroidales.f__Odoribacteraceae.g__Odoribacter",2.30884988085421,1.19478544643351,1.93243890586903,0.0533053558968096,"location"
"k__Bacteria.p__Bacteroidetes.c__Bacteroidia.o__Bacteroidales.f__Odoribacteraceae.g__Odoribacter.s__Odoribacter_splanchnicus",2.30884988085421,1.19478544643351,1.93243890586903,0.0533053558968096,"location"
"k__Bacteria.p__Firmicutes.c__Clostridia.o__Clostridiales.f__Lachnospiraceae.g__Anaerostipes.s__Anaerostipes_hadrus",1.38867645793011,0.75134118966029,1.84826344813863,0.0645642407208398,"location"
"k__Bacteria.p__Proteobacteria.c__Deltaproteobacteria.o__Desulfovibrionales.f__Desulfovibrionaceae.g__Bilophila",8.72657034007518,4.94947832076095,1.76312931879526,0.0778786813608969,"location"
"k__Bacteria.p__Proteobacteria.c__Deltaproteobacteria.o__Desulfovibrionales.f__Desulfovibrionaceae.g__Bilophila.s__Bilophila_wadsworthia",8.72657034007518,4.94947832076095,1.76312931879526,0.0778786813608969,"location"
"k__Bacteria.p__Firmicutes.c__Clostridia.o__Clostridiales.f__Lachnospiraceae.g__Anaerostipes",1.05357641774805,0.611131531323251,1.72397653164253,0.0847120799020054,"location"
"k__Viruses.p__Viruses_unclassified.c__Viruses_unclassified.o__Caudovirales.f__Siphoviridae.g__Siphoviridae_unclassified.s__Lactococcus_phage_bIL310",10.4639438798241,6.08873988730015,1.71857298447741,0.085692154352069,"location"
"k__Bacteria.p__Firmicutes.c__Clostridia.o__Clostridiales.f__Ruminococcaceae.g__Pseudoflavonifractor",-27.7199656379847,16.3984300115029,-1.69040363123422,0.0909507608351634,"location"
"k__Bacteria.p__Firmicutes.c__Clostridia.o__Clostridiales.f__Lachnospiraceae.g__Blautia.s__Blautia_obeum",1.83843571617024,1.10435669047502,1.66471189247695,0.0959702491998077,"location"
"k__Bacteria.p__Firmicutes",0.0443254899116993,0.0270821909095249,1.63670251272432,0.101692643702195,"location"
"k__Bacteria.p__Firmicutes.c__Clostridia.o__Clostridiales.f__Lachnospiraceae.g__Lachnospiraceae_unclassified.s__Eubacterium_rectale",0.304077247335615,0.191082846592875,1.59133722758217,0.111533702995194,"location"
"k__Bacteria.p__Firmicutes.c__Clostridia.o__Clostridiales.f__Lachnospiraceae.g__Lachnoclostridium.s__Clostridium_citroniae",-49.0776605089301,31.1379243817297,-1.57613782817607,0.114994042824559,"location"
"k__Bacteria.p__Firmicutes.c__Clostridia.o__Clostridiales.f__Lachnospiraceae.g__Lachnospiraceae_unclassified",0.299973267678498,0.191333344685704,1.56780444188259,0.116926777964703,"location"
"k__Bacteria.p__Firmicutes.c__Bacilli",0.261014529420437,0.170133207780526,1.53417744146192,0.124986005748765,"location"
"k__Bacteria.p__Firmicutes.c__Bacilli.o__Lactobacillales",0.261014529420437,0.170133207780526,1.53417744146192,0.124986005748765,"location"
"k__Bacteria.p__Firmicutes.c__Clostridia.o__Clostridiales.f__Lachnospiraceae.g__Roseburia.s__Roseburia_faecis",0.4632829616372,0.305114233702173,1.51839183644713,0.128915648432422,"location"
"k__Bacteria.p__Firmicutes.c__Bacilli.o__Lactobacillales.f__Streptococcaceae.g__Streptococcus",0.479996103111711,0.32160543783679,1.49249996001405,0.135568127722563,"location"
"k__Bacteria.p__Firmicutes.c__Bacilli.o__Lactobacillales.f__Streptococcaceae",0.358626449255542,0.245245922954373,1.46231360315932,0.143655292524843,"location"
"k__Viruses.p__Viruses_unclassified.c__Viruses_unclassified.o__Caudovirales.f__Siphoviridae.g__Siphoviridae_unclassified",3.97320755368728,2.73194580572518,1.4543507947196,0.1458490744909,"location"
"k__Viruses.p__Viruses_unclassified.c__Viruses_unclassified.o__Caudovirales.f__Siphoviridae",2.78910746844101,1.92117233879216,1.45177369678065,0.146564539880035,"location"
"k__Bacteria.p__Firmicutes.c__Erysipelotrichia.o__Erysipelotrichales.f__Erysipelotrichaceae.g__Erysipelatoclostridium.s__Erysipelatoclostridium_ramosum",-4.52998480138253,3.14488395233184,-1.44042987596527,0.149745816229273,"location"
"k__Bacteria.p__Firmicutes.c__Clostridia.o__Clostridiales.f__Clostridiaceae.g__Clostridium.s__Clostridium_sp_CAG_58",-1.78322962975732,1.24635270651803,-1.43075842049494,0.152499463505172,"location"
"k__Bacteria.p__Firmicutes.c__Clostridia.o__Clostridiales.f__Clostridiaceae.g__Hungatella",-21.4629650496462,15.0342137907127,-1.42760807771038,0.15340469729815,"location"
"k__Bacteria.p__Firmicutes.c__Clostridia.o__Clostridiales.f__Clostridiaceae.g__Hungatella.s__Hungatella_hathewayi",-21.4629650496462,15.0342137907127,-1.42760807771038,0.15340469729815,"location"
"k__Bacteria.p__Firmicutes.c__Clostridia",0.040394309227306,0.0283199529833717,1.42635509497575,0.153765868708602,"location"
"k__Bacteria.p__Firmicutes.c__Clostridia.o__Clostridiales",0.040394309227306,0.0283199529833717,1.42635509497575,0.153765868708602,"location"
"k__Bacteria.p__Firmicutes.c__Negativicutes.o__Veillonellales.f__Veillonellaceae.g__Veillonella.s__Veillonella_atypica",17.3866984752133,12.7378307002671,1.36496542341772,0.172263917733442,"location"
"k__Bacteria.p__Bacteroidetes.c__Bacteroidia.o__Bacteroidales.f__Tannerellaceae.g__Parabacteroides.s__Parabacteroides_goldsteinii",-39.2593277693522,29.0418903322184,-1.35181723091209,0.176433790542051,"location"
"k__Bacteria.p__Firmicutes.c__Erysipelotrichia.o__Erysipelotrichales.f__Erysipelotrichaceae.g__Erysipelatoclostridium",-3.53846818535803,2.61861085647966,-1.35127683313548,0.176606770278843,"location"
"k__Bacteria.p__Bacteroidetes.c__Bacteroidia.o__Bacteroidales.f__Bacteroidaceae.g__Bacteroides.s__Bacteroides_salyersiae",-2.10530477447065,1.55849944181892,-1.35085372376749,0.176742294538043,"location"
"k__Bacteria.p__Firmicutes.c__Clostridia.o__Clostridiales.f__Lachnospiraceae.g__Blautia.s__Blautia_sp_N6H1_15",4.86852447259688,3.60640368605704,1.34996658621979,0.177026701143043,"location"
"k__Bacteria.p__Firmicutes.c__Clostridia.o__Clostridiales.f__Clostridiaceae",-0.775295749442858,0.574522361175564,-1.34946139930303,0.177188810835163,"location"
"k__Bacteria.p__Firmicutes.c__Bacilli.o__Lactobacillales.f__Streptococcaceae.g__Streptococcus.s__Streptococcus_thermophilus",-1.20738926351462,0.898629982133337,-1.34358889367155,0.179081362919144,"location"
"k__Bacteria.p__Firmicutes.c__Clostridia.o__Clostridiales.f__Clostridiales_unclassified.g__Monoglobus",1.02281021327179,0.762079786502409,1.34213009108405,0.179553818693404,"location"
"k__Bacteria.p__Firmicutes.c__Clostridia.o__Clostridiales.f__Clostridiales_unclassified.g__Monoglobus.s__Monoglobus_pectinilyticus",1.02281021327179,0.762079786502409,1.34213009108405,0.179553818693404,"location"
"k__Bacteria.p__Firmicutes.c__Clostridia.o__Clostridiales.f__Clostridiaceae.g__Clostridium",-0.801447334485036,0.599384468953459,-1.33711728614588,0.181184355503709,"location"
"k__Bacteria.p__Firmicutes.c__Clostridia.o__Clostridiales.f__Ruminococcaceae",0.0592566745900709,0.044432887281208,1.3336219682292,0.182327779607324,"location"
"k__Bacteria.p__Actinobacteria.c__Actinobacteria.o__Bifidobacteriales.f__Bifidobacteriaceae.g__Bifidobacterium.s__Bifidobacterium_pullorum",-76.2031285984055,57.3297416317443,-1.32920760550246,0.183779486582424,"location"
"k__Viruses.p__Viruses_unclassified.c__Viruses_unclassified.o__Caudovirales.f__Siphoviridae.g__Siphoviridae_unclassified.s__Lactococcus_phage_bIL309",14.7443659857484,11.1147463710779,1.32655892392788,0.184654631212546,"location"
"k__Bacteria.p__Bacteroidetes.c__Bacteroidia.o__Bacteroidales.f__Bacteroidaceae.g__Bacteroides.s__Bacteroides_eggerthii",-0.40161623549938,0.304647661771887,-1.31829744946508,0.187404094433812,"location"
"k__Bacteria.p__Firmicutes.c__Clostridia.o__Clostridiales.f__Ruminococcaceae.g__Ruminococcaceae_unclassified.s__Eubacterium_siraeum",0.11559523363675,0.0882053107137468,1.31052464643418,0.190018412086102,"location"
"k__Bacteria.p__Firmicutes.c__Clostridia.o__Clostridiales.f__Ruminococcaceae.g__Ruminococcus",0.207747333161117,0.15999051146212,1.29849783754397,0.194116318934354,"location"
"k__Bacteria.p__Bacteroidetes.c__Bacteroidia.o__Bacteroidales.f__Odoribacteraceae",1.04662250874779,0.807202008467302,1.29660543181142,0.19476698255704,"location"
"k__Bacteria.p__Actinobacteria.c__Actinobacteria.o__Bifidobacteriales.f__Bifidobacteriaceae.g__Bifidobacterium.s__Bifidobacterium_adolescentis",1.20895644594652,0.932486342249072,1.29648702739241,0.194807746528115,"location"
"k__Bacteria.p__Firmicutes.c__Clostridia.o__Clostridiales.f__Ruminococcaceae.g__Ruminococcaceae_unclassified",0.107004187851071,0.0825471411036365,1.29627975506419,0.194879120782678,"location"
"k__Bacteria.p__Actinobacteria.c__Coriobacteriia.o__Eggerthellales.f__Eggerthellaceae.g__Eggerthella",-2.13389539288771,1.65649714487206,-1.28819744694007,0.197677240495154,"location"
"k__Bacteria.p__Actinobacteria.c__Coriobacteriia.o__Eggerthellales.f__Eggerthellaceae.g__Eggerthella.s__Eggerthella_lenta",-2.13389539288771,1.65649714487206,-1.28819744694007,0.197677240495154,"location"
"k__Bacteria.p__Firmicutes.c__Clostridia.o__Clostridiales.f__Lachnospiraceae.g__Lachnoclostridium.s__Clostridium_lavalense",-8.6770996767466,6.75181594447521,-1.28515050589417,0.19873969530788,"location"
"k__Bacteria.p__Firmicutes.c__Clostridia.o__Clostridiales.f__Lachnospiraceae.g__Fusicatenibacter",-0.404912201364689,0.315688667118813,-1.28263141360185,0.199621239148473,"location"
"k__Bacteria.p__Firmicutes.c__Clostridia.o__Clostridiales.f__Lachnospiraceae.g__Fusicatenibacter.s__Fusicatenibacter_saccharivorans",-0.404912201364689,0.315688667118813,-1.28263141360185,0.199621239148473,"location"
"k__Bacteria.p__Firmicutes.c__Erysipelotrichia.o__Erysipelotrichales.f__Erysipelotrichaceae.g__Dielma",-16.938165178886,13.2183986763235,-1.28140825478545,0.200050306217666,"location"
"k__Bacteria.p__Firmicutes.c__Erysipelotrichia.o__Erysipelotrichales.f__Erysipelotrichaceae.g__Dielma.s__Dielma_fastidiosa",-16.938165178886,13.2183986763235,-1.28140825478545,0.200050306217666,"location"
"k__Bacteria.p__Firmicutes.c__Bacilli.o__Lactobacillales.f__Streptococcaceae.g__Streptococcus.s__Streptococcus_parasanguinis",8.937910390582,7.00500063634717,1.27593284491731,0.201979259254389,"location"
"k__Bacteria.p__Actinobacteria.c__Coriobacteriia.o__Eggerthellales.f__Eggerthellaceae.g__Asaccharobacter",12.9571558866495,10.1838325428003,1.27232609454187,0.20325728081497,"location"
"k__Bacteria.p__Actinobacteria.c__Coriobacteriia.o__Eggerthellales.f__Eggerthellaceae.g__Asaccharobacter.s__Asaccharobacter_celatus",12.9571558866495,10.1838325428003,1.27232609454187,0.20325728081497,"location"
"k__Bacteria.p__Firmicutes.c__Clostridia.o__Clostridiales.f__Ruminococcaceae.g__Ruminococcus.s__Ruminococcus_bromii",0.214760970870802,0.168975152416708,1.27096184142614,0.203742224074998,"location"
"k__Viruses.p__Viruses_unclassified.c__Viruses_unclassified.o__Caudovirales.f__Siphoviridae.g__Siphoviridae_unclassified.s__Lactococcus_phage_bIL311",14.2300430877436,11.2076572434205,1.26967150927973,0.204201665475182,"location"
"k__Bacteria.p__Firmicutes.c__Clostridia.o__Clostridiales.f__Lachnospiraceae.g__Roseburia.s__Roseburia_intestinalis",-0.333625714955564,0.265454506616002,-1.25680938405833,0.208822667196616,"location"
"k__Bacteria.p__Bacteroidetes.c__Bacteroidia.o__Bacteroidales.f__Bacteroidaceae.g__Bacteroides.s__Bacteroides_stercoris",0.179617540026773,0.14423552773717,1.24530719195674,0.213018853028562,"location"
"k__Bacteria.p__Verrucomicrobia",-0.12741245188511,0.103411906571956,-1.23208686609461,0.217916637025064,"location"
"k__Bacteria.p__Verrucomicrobia.c__Verrucomicrobiae",-0.12741245188511,0.103411906571956,-1.23208686609461,0.217916637025064,"location"
"k__Bacteria.p__Verrucomicrobia.c__Verrucomicrobiae.o__Verrucomicrobiales",-0.12741245188511,0.103411906571956,-1.23208686609461,0.217916637025064,"location"
"k__Bacteria.p__Verrucomicrobia.c__Verrucomicrobiae.o__Verrucomicrobiales.f__Akkermansiaceae",-0.12741245188511,0.103411906571956,-1.23208686609461,0.217916637025064,"location"
"k__Bacteria.p__Verrucomicrobia.c__Verrucomicrobiae.o__Verrucomicrobiales.f__Akkermansiaceae.g__Akkermansia",-0.12741245188511,0.103411906571956,-1.23208686609461,0.217916637025064,"location"
"k__Bacteria.p__Verrucomicrobia.c__Verrucomicrobiae.o__Verrucomicrobiales.f__Akkermansiaceae.g__Akkermansia.s__Akkermansia_muciniphila",-0.12741245188511,0.103411906571956,-1.23208686609461,0.217916637025064,"location"
"k__Bacteria.p__Firmicutes.c__Clostridia.o__Clostridiales.f__Lachnospiraceae.g__Eisenbergiella.s__Eisenbergiella_massiliensis",-1.58425220139266,1.28798869176549,-1.2300202723217,0.218689513552767,"location"
"k__Bacteria.p__Firmicutes.c__Bacilli.o__Lactobacillales.f__Streptococcaceae.g__Streptococcus.s__Streptococcus_vestibularis",-48.6135618231985,39.8157491221524,-1.22096313381056,0.222099978526704,"location"
"k__Viruses.p__Viruses_unclassified.c__Viruses_unclassified.o__Caudovirales.f__Siphoviridae.g__Siphoviridae_unclassified.s__Lactococcus_phage_bIL286",33.9302567744099,28.071324658328,1.2087159116071,0.226772006535659,"location"
"k__Bacteria.p__Firmicutes.c__Clostridia.o__Clostridiales.f__Lachnospiraceae.g__Anaerotignum",-5.3453677199852,4.46564658665211,-1.19699748205839,0.231307536171368,"location"
"k__Bacteria.p__Firmicutes.c__Clostridia.o__Clostridiales.f__Lachnospiraceae.g__Anaerotignum.s__Anaerotignum_lactatifermentans",-5.3453677199852,4.46564658665211,-1.19699748205839,0.231307536171368,"location"
"k__Bacteria.p__Firmicutes.c__Clostridia.o__Clostridiales.f__Eubacteriaceae.g__Eubacterium.s__Eubacterium_hallii",0.102691221683813,0.0868409179689154,1.18252114424413,0.236998980803476,"location"
"k__Bacteria.p__Firmicutes.c__Clostridia.o__Clostridiales.f__Ruminococcaceae.g__Flavonifractor.s__Flavonifractor_sp_An10",5.69271561821526,4.81532000701019,1.18220920103498,0.237122702677814,"location"
"k__Bacteria.p__Bacteroidetes.c__Bacteroidia.o__Bacteroidales.f__Bacteroidaceae.g__Bacteroides.s__Bacteroides_caccae",0.560679325383172,0.477566310151749,1.17403450256994,0.240381206076657,"location"
"k__Bacteria.p__Bacteroidetes.c__Bacteroidia.o__Bacteroidales.f__Tannerellaceae.g__Parabacteroides.s__Parabacteroides_merdae",0.149418457842248,0.127515114854184,1.17177056236126,0.241289184469273,"location"
"k__Bacteria.p__Bacteroidetes.c__Bacteroidia.o__Bacteroidales.f__Bacteroidaceae.g__Bacteroides.s__Bacteroides_uniformis",-0.0818449522147925,0.0700721999743011,-1.16800888576082,0.242803180667391,"location"
"k__Bacteria.p__Firmicutes.c__Clostridia.o__Clostridiales.f__Lachnospiraceae.g__Blautia.s__Blautia_hydrogenotrophica",-2.45811926900171,2.10833902837621,-1.16590322330413,0.243653575627452,"location"
"k__Bacteria.p__Firmicutes.c__Clostridia.o__Clostridiales.f__Lachnospiraceae.g__Eisenbergiella",-1.48965432004374,1.28254430113149,-1.16148371540035,0.245445241865648,"location"
"k__Viruses.p__Viruses_unclassified.c__Viruses_unclassified.o__Caudovirales.f__Siphoviridae.g__C2virus",12.5209931160533,10.9124991569821,1.14739922871307,0.251216659830013,"location"
"k__Viruses.p__Viruses_unclassified.c__Viruses_unclassified.o__Caudovirales.f__Siphoviridae.g__C2virus.s__Lactococcus_virus_bIL67",12.5209931160533,10.9124991569821,1.14739922871307,0.251216659830013,"location"
"k__Bacteria.p__Firmicutes.c__Clostridia.o__Clostridiales.f__Ruminococcaceae.g__Pseudoflavonifractor.s__Pseudoflavonifractor_capillosus",-26.0009792686398,22.8795697933405,-1.13642780452139,0.255777564626211,"location"
"k__Bacteria.p__Firmicutes.c__Clostridia.o__Clostridiales.f__Ruminococcaceae.g__Anaeromassilibacillus",5.70857721691165,5.02574685669741,1.13586644526361,0.25601246338208,"location"
"k__Bacteria.p__Firmicutes.c__Clostridia.o__Clostridiales.f__Ruminococcaceae.g__Anaeromassilibacillus.s__Anaeromassilibacillus_sp_An250",5.70857721691165,5.02574685669741,1.13586644526361,0.25601246338208,"location"
"k__Bacteria.p__Firmicutes.c__Clostridia.o__Clostridiales.f__Ruminococcaceae.g__Pseudoflavonifractor.s__Pseudoflavonifractor_sp_An184",-25.1157493002246,22.2215053449206,-1.13024517963026,0.258372927179791,"location"
"k__Bacteria.p__Bacteroidetes.c__Bacteroidia.o__Bacteroidales.f__Odoribacteraceae.g__Butyricimonas.s__Butyricimonas_synergistica",-18.2329286385616,16.1759864152983,-1.12716023434082,0.25967474001076,"location"
"k__Bacteria.p__Firmicutes.c__Clostridia.o__Clostridiales.f__Lachnospiraceae.g__Anaerostipes.s__Anaerostipes_caccae",-59.0950520281564,52.455870556032,-1.12656698672139,0.259925603703672,"location"
"k__Bacteria.p__Firmicutes.c__Clostridia.o__Clostridiales.f__Lachnospiraceae.g__Dorea.s__Dorea_formicigenerans",-1.99984736522397,1.77958712536906,-1.12377041658426,0.261110434700541,"location"
"k__Bacteria.p__Proteobacteria.c__Betaproteobacteria.o__Burkholderiales.f__Sutterellaceae.g__Parasutterella",-0.743632565462305,0.6622249242708,-1.12293050020904,0.261467012648009,"location"
"k__Bacteria.p__Proteobacteria.c__Betaproteobacteria.o__Burkholderiales.f__Sutterellaceae.g__Parasutterella.s__Parasutterella_excrementihominis",-0.743632565462305,0.6622249242708,-1.12293050020904,0.261467012648009,"location"
"k__Bacteria.p__Firmicutes.c__Clostridia.o__Clostridiales.f__Lachnospiraceae.g__Roseburia.s__Roseburia_sp_CAG_471",1879.26903881852,1674.35964695534,1.12238075149254,0.261700585053837,"location"
"k__Bacteria.p__Proteobacteria.c__Betaproteobacteria.o__Burkholderiales.f__Sutterellaceae",-0.717421334077155,0.645305343746446,-1.11175483208,0.266243577080127,"location"
"k__Bacteria.p__Proteobacteria.c__Betaproteobacteria",-0.706207658900793,0.63976233566525,-1.10385938579277,0.269654139179422,"location"
"k__Bacteria.p__Proteobacteria.c__Betaproteobacteria.o__Burkholderiales",-0.706207658900793,0.63976233566525,-1.10385938579277,0.269654139179422,"location"
"k__Bacteria.p__Firmicutes.c__Erysipelotrichia.o__Erysipelotrichales.f__Erysipelotrichaceae.g__Absiella",35.7772142623273,32.4292583678622,1.10323874374454,0.269923500286684,"location"
"k__Bacteria.p__Firmicutes.c__Erysipelotrichia.o__Erysipelotrichales.f__Erysipelotrichaceae.g__Absiella.s__Absiella_dolichum",35.7772142623273,32.4292583678622,1.10323874374454,0.269923500286684,"location"
"k__Bacteria.p__Actinobacteria.c__Coriobacteriia.o__Eggerthellales.f__Eggerthellaceae.g__Adlercreutzia",7.47742382596909,6.7777811910519,1.10322591054442,0.269929071893202,"location"
"k__Bacteria.p__Actinobacteria.c__Coriobacteriia.o__Eggerthellales.f__Eggerthellaceae.g__Adlercreutzia.s__Adlercreutzia_equolifaciens",7.47742382596909,6.7777811910519,1.10322591054442,0.269929071893202,"location"
"k__Bacteria.p__Firmicutes.c__Bacilli.o__Lactobacillales.f__Streptococcaceae.g__Streptococcus.s__Streptococcus_salivarius",0.945001975476774,0.857530128318769,1.10200440109259,0.270459758258938,"location"
"k__Bacteria.p__Firmicutes.c__Clostridia.o__Clostridiales.f__Ruminococcaceae.g__Ruminococcaceae_unclassified.s__Ruminococcaceae_bacterium_D5",1.35247451984534,1.23567265579476,1.09452492413977,0.2737248222343,"location"
"k__Bacteria.p__Firmicutes.c__Clostridia.o__Clostridiales.f__Lachnospiraceae.g__Blautia.s__Ruminococcus_gnavus",0.460270071251854,0.425811008811602,1.08092571992543,0.279730156676116,"location"
"k__Bacteria.p__Proteobacteria.c__Proteobacteria_unclassified",-11.6044600739392,10.9421258140916,-1.06053067485247,0.288903242401708,"location"
"k__Bacteria.p__Proteobacteria.c__Proteobacteria_unclassified.o__Proteobacteria_unclassified",-11.6044600739392,10.9421258140916,-1.06053067485247,0.288903242401708,"location"
"k__Bacteria.p__Proteobacteria.c__Proteobacteria_unclassified.o__Proteobacteria_unclassified.f__Proteobacteria_unclassified",-11.6044600739392,10.9421258140916,-1.06053067485247,0.288903242401708,"location"
"k__Bacteria.p__Proteobacteria.c__Proteobacteria_unclassified.o__Proteobacteria_unclassified.f__Proteobacteria_unclassified.g__Proteobacteria_unclassified",-11.6044600739392,10.9421258140916,-1.06053067485247,0.288903242401708,"location"
"k__Bacteria.p__Proteobacteria.c__Proteobacteria_unclassified.o__Proteobacteria_unclassified.f__Proteobacteria_unclassified.g__Proteobacteria_unclassified.s__Proteobacteria_bacterium_CAG_139",-11.6044600739392,10.9421258140916,-1.06053067485247,0.288903242401708,"location"
"k__Bacteria.p__Bacteroidetes.c__Bacteroidia.o__Bacteroidales.f__Bacteroidaceae.g__Bacteroides.s__Bacteroides_ovatus",-0.0809560744765447,0.0773407341949549,-1.04674561625542,0.295216918840959,"location"
"k__Bacteria.p__Firmicutes.c__Clostridia.o__Clostridiales.f__Ruminococcaceae.g__Ruminococcus.s__Ruminococcus_lactaris",1.32403657348623,1.30205406594455,1.01688294527596,0.309209117441797,"location"
"k__Bacteria.p__Firmicutes.c__Clostridia.o__Clostridiales.f__Ruminococcaceae.g__Faecalibacterium",0.0928906466132307,0.0917309684195791,1.01264216669279,0.311231111187806,"location"
"k__Bacteria.p__Firmicutes.c__Clostridia.o__Clostridiales.f__Ruminococcaceae.g__Faecalibacterium.s__Faecalibacterium_prausnitzii",0.0928906466132307,0.0917309684195791,1.01264216669279,0.311231111187806,"location"
"k__Bacteria.p__Firmicutes.c__Clostridia.o__Clostridiales.f__Ruminococcaceae.g__Ruthenibacterium",-0.295060604308869,0.292388991144518,-1.00913718794231,0.312908845310479,"location"
"k__Bacteria.p__Firmicutes.c__Clostridia.o__Clostridiales.f__Ruminococcaceae.g__Ruthenibacterium.s__Ruthenibacterium_lactatiformans",-0.295060604308869,0.292388991144518,-1.00913718794231,0.312908845310479,"location"
"Simpson.div",8.07694715778967,8.01392682224392,1.00786385213436,0.31351982722284,"location"
"k__Bacteria.p__Firmicutes.c__Clostridia.o__Clostridiales.f__Ruminococcaceae.g__Ruminococcaceae_unclassified.s__Ruminococcaceae_bacterium_D16",-7.00955533501619,7.07564325691473,-0.99065980017662,0.321851726756799,"location"
"k__Bacteria.p__Firmicutes.c__Clostridia.o__Clostridiales.f__Eubacteriaceae",0.0619793756059766,0.0632248997560685,0.98030010083215,0.326938004971702,"location"
"k__Bacteria.p__Firmicutes.c__Clostridia.o__Clostridiales.f__Eubacteriaceae.g__Eubacterium",0.0619463260279401,0.0632070430916387,0.980054167984559,0.327059381019734,"location"
"k__Bacteria.p__Bacteroidetes.c__Bacteroidia.o__Bacteroidales.f__Bacteroidaceae.g__Bacteroides.s__Bacteroides_thetaiotaomicron",0.179502497903265,0.183456019321898,0.978449759058075,0.327851928278554,"location"
"k__Bacteria.p__Bacteroidetes.c__Bacteroidia.o__Bacteroidales.f__Tannerellaceae.g__Parabacteroides.s__Parabacteroides_distasonis",-0.080857377384352,0.0832975775182604,-0.970705028806228,0.331695186946173,"location"
"k__Bacteria.p__Bacteroidetes.c__Bacteroidia.o__Bacteroidales.f__Bacteroidaceae.g__Bacteroides.s__Bacteroides_dorei",0.298399444699386,0.31757413255514,0.939621380049192,0.347411805534456,"location"
"k__Bacteria.p__Bacteroidetes.c__Bacteroidia.o__Bacteroidales.f__Bacteroidaceae.g__Bacteroides.s__Bacteroides_vulgatus",0.0544320150792573,0.058328258104305,0.9332014506917,0.350715965864793,"location"
"k__Bacteria.p__Firmicutes.c__Clostridia.o__Clostridiales.f__Lachnospiraceae.g__Roseburia.s__Roseburia_sp_CAG_309",-16.6046747478099,17.9157713694104,-0.926818857275716,0.354020592446678,"location"
"k__Bacteria.p__Firmicutes.c__Firmicutes_unclassified.o__Firmicutes_unclassified.f__Firmicutes_unclassified.g__Firmicutes_unclassified.s__Firmicutes_bacterium_CAG_94",2.61008272333546,2.9112134874051,0.896561772136454,0.369952804395775,"location"
"k__Bacteria.p__Firmicutes.c__Clostridia.o__Clostridiales.f__Ruminococcaceae.g__Flavonifractor.s__Flavonifractor_plautii",-0.202875085603209,0.235621322904965,-0.861021757716878,0.389226059845644,"location"
"k__Bacteria.p__Bacteroidetes.c__Bacteroidia.o__Bacteroidales.f__Bacteroidaceae.g__Bacteroides.s__Bacteroides_massiliensis",-0.332264027366904,0.391401612596215,-0.848908171744506,0.395932391393711,"location"
"k__Bacteria.p__Firmicutes.c__Clostridia.o__Clostridiales.f__Eubacteriaceae.g__Eubacterium.s__Eubacterium_ventriosum",4.752692858195,5.7058991816808,0.832943714367379,0.404876474014905,"location"
"k__Bacteria.p__Firmicutes.c__Negativicutes.o__Veillonellales.f__Veillonellaceae.g__Veillonella",2.89126564184162,3.51233053826791,0.823175840183719,0.410408005711561,"location"
"k__Viruses.p__Viruses_unclassified.c__Viruses_unclassified.o__Caudovirales.f__Siphoviridae.g__Siphoviridae_unclassified.s__Lactococcus_phage_P335_sensu_lato",12.6296564639546,15.4595987755055,0.816945940664724,0.413959322247148,"location"
"k__Bacteria.p__Firmicutes.c__Clostridia.o__Clostridiales.f__Ruminococcaceae.g__Flavonifractor",-0.189037834386443,0.234266875556658,-0.806933690208043,0.419704687466817,"location"
"k__Bacteria.p__Firmicutes.c__Erysipelotrichia.o__Erysipelotrichales.f__Erysipelotrichaceae.g__Erysipelatoclostridium.s__Clostridium_spiroforme",14.1595346973918,17.7174386756643,0.799186324648642,0.424182380336311,"location"
"k__Bacteria.p__Firmicutes.c__Bacilli.o__Lactobacillales.f__Streptococcaceae.g__Lactococcus",-3.42909379673853,4.36972867906736,-0.784738378189286,0.432606976253949,"location"
"k__Bacteria.p__Firmicutes.c__Bacilli.o__Lactobacillales.f__Streptococcaceae.g__Lactococcus.s__Lactococcus_lactis",-3.42909379673853,4.36972867906736,-0.784738378189286,0.432606976253949,"location"
"k__Viruses",-0.114796195089425,0.152827318875145,-0.751149702385407,0.452562566508339,"location"
"k__Viruses.p__Viruses_unclassified",-0.114796195089425,0.152827318875145,-0.751149702385407,0.452562566508339,"location"
"k__Viruses.p__Viruses_unclassified.c__Viruses_unclassified",-0.114796195089425,0.152827318875145,-0.751149702385407,0.452562566508339,"location"
"k__Bacteria.p__Firmicutes.c__Clostridia.o__Clostridiales.f__Lachnospiraceae.g__Blautia.s__Blautia_producta",-6.35669582543755,8.55869752421643,-0.742717663225225,0.457652633594375,"location"
"k__Bacteria",0.115730292994615,0.15705629669084,0.736871398556064,0.461200558744599,"location"
"k__Bacteria.p__Firmicutes.c__Clostridia.o__Clostridiales.f__Clostridiaceae.g__Clostridium.s__Clostridium_sp_CAG_242",7.50804514886518,10.329379484138,0.726863134459786,0.467309802676043,"location"
"k__Bacteria.p__Actinobacteria.c__Coriobacteriia.o__Eggerthellales",-0.893309100318136,1.23964260521061,-0.720618262524436,0.471144414501779,"location"
"k__Bacteria.p__Actinobacteria.c__Coriobacteriia.o__Eggerthellales.f__Eggerthellaceae",-0.893309100318136,1.23964260521061,-0.720618262524436,0.471144414501779,"location"
"k__Bacteria.p__Firmicutes.c__Clostridia.o__Clostridiales.f__Eubacteriaceae.g__Eubacterium.s__Eubacterium_sp_CAG_38",0.739234266793729,1.02884257520641,0.718510571595875,0.472442531932303,"location"
"k__Bacteria.p__Firmicutes.c__Clostridia.o__Clostridiales.f__Lachnospiraceae.g__Dorea.s__Dorea_sp_CAG_317",-1.50605241648479,2.1025512040315,-0.716297616722498,0.473807598097891,"location"
"k__Bacteria.p__Firmicutes.c__Clostridia.o__Clostridiales.f__Eubacteriaceae.g__Eubacterium.s__Eubacterium_eligens",0.459534996000684,0.650778821148033,0.706130840567341,0.480106774177151,"location"
"k__Bacteria.p__Firmicutes.c__Bacilli.o__Lactobacillales.f__Lactobacillaceae.g__Lactobacillus.s__Lactobacillus_rogosae",281.867055076974,405.122429925002,0.695757712376366,0.48658057611719,"location"
"k__Bacteria.p__Firmicutes.c__Negativicutes.o__Veillonellales.f__Veillonellaceae.g__Dialister",0.557418606089365,0.801856593767474,0.695159970525862,0.486955055261589,"location"
"k__Bacteria.p__Firmicutes.c__Negativicutes.o__Veillonellales.f__Veillonellaceae.g__Dialister.s__Dialister_invisus",0.557418606089365,0.801856593767474,0.695159970525862,0.486955055261589,"location"
"k__Bacteria.p__Bacteroidetes.c__Bacteroidia.o__Bacteroidales.f__Rikenellaceae.g__Alistipes.s__Alistipes_shahii",-0.455438829891417,0.661125668149249,-0.688883901855405,0.490896330709204,"location"
"k__Bacteria.p__Firmicutes.c__Clostridia.o__Clostridiales.f__Clostridiales_unclassified",0.375084237973799,0.564718772078127,0.664196510757937,0.506564546401537,"location"
"k__Bacteria.p__Actinobacteria.c__Coriobacteriia.o__Coriobacteriales.f__Coriobacteriaceae.g__Collinsella.s__Collinsella_stercoris",0.332905358400414,0.502921680639042,0.661942746189435,0.508007915196484,"location"
"k__Bacteria.p__Bacteroidetes.c__Bacteroidia.o__Bacteroidales.f__Bacteroidaceae.g__Bacteroides.s__Bacteroides_fragilis",-0.0249249112170674,0.0377494301484571,-0.660272515877598,0.509078964108832,"location"
"k__Bacteria.p__Firmicutes.c__Negativicutes.o__Veillonellales",0.407329481505107,0.623484396202562,0.653311428459182,0.513555526159199,"location"
"k__Bacteria.p__Firmicutes.c__Negativicutes.o__Veillonellales.f__Veillonellaceae",0.407329481505107,0.623484396202562,0.653311428459182,0.513555526159199,"location"
"k__Bacteria.p__Firmicutes.c__Firmicutes_unclassified.o__Firmicutes_unclassified.f__Firmicutes_unclassified.g__Firmicutes_unclassified.s__Firmicutes_bacterium_CAG_646",25.2922447435651,38.8245150719456,0.651450370898288,0.514755803986322,"location"
"k__Bacteria.p__Firmicutes.c__Negativicutes.o__Acidaminococcales.f__Acidaminococcaceae.g__Phascolarctobacterium",0.414659190507563,0.648027095528966,0.639879402217108,0.522251005988007,"location"
"k__Bacteria.p__Firmicutes.c__Clostridia.o__Clostridiales.f__Clostridiales_unclassified.g__Intestinimonas",3.29194658015787,5.27855720112152,0.623645146718963,0.532860654349664,"location"
"k__Bacteria.p__Firmicutes.c__Clostridia.o__Clostridiales.f__Clostridiales_unclassified.g__Intestinimonas.s__Intestinimonas_butyriciproducens",3.29194658015787,5.27855720112152,0.623645146718963,0.532860654349664,"location"
"k__Bacteria.p__Firmicutes.c__Clostridia.o__Clostridiales.f__Lachnospiraceae.g__Lachnoclostridium.s__Clostridium_scindens",-2.11300793627485,3.41283596214237,-0.61913551067612,0.535827091461675,"location"
"k__Bacteria.p__Firmicutes.c__Clostridia.o__Clostridiales.f__Ruminococcaceae.g__Ruminococcaceae_unclassified.s__Clostridium_leptum",1.24765061176216,2.04791740465336,0.609228970332101,0.542372680334633,"location"
"k__Bacteria.p__Firmicutes.c__Erysipelotrichia",-0.501892706600995,0.833491639043195,-0.602156858078554,0.547069729962899,"location"
"k__Bacteria.p__Firmicutes.c__Erysipelotrichia.o__Erysipelotrichales",-0.501892706600995,0.833491639043195,-0.602156858078554,0.547069729962899,"location"
"k__Bacteria.p__Firmicutes.c__Erysipelotrichia.o__Erysipelotrichales.f__Erysipelotrichaceae",-0.501892706600995,0.833491639043195,-0.602156858078554,0.547069729962899,"location"
"k__Bacteria.p__Firmicutes.c__Clostridia.o__Clostridiales.f__Lachnospiraceae.g__Coprococcus",0.411565185823334,0.708240709277339,0.581109191313331,0.561166864373301,"location"
"k__Bacteria.p__Bacteroidetes",-0.0153861718235272,0.0268878540930846,-0.572235023675035,0.567162762807753,"location"
"k__Bacteria.p__Bacteroidetes.c__Bacteroidia",-0.0153861718235272,0.0268878540930846,-0.572235023675035,0.567162762807753,"location"
"k__Bacteria.p__Bacteroidetes.c__Bacteroidia.o__Bacteroidales",-0.0153861718235272,0.0268878540930846,-0.572235023675035,0.567162762807753,"location"
"k__Bacteria.p__Firmicutes.c__Clostridia.o__Clostridiales.f__Lachnospiraceae.g__Coprococcus.s__Coprococcus_comes",0.409047564422473,0.723510647636604,0.565364954556859,0.571825556485992,"location"
"k__Bacteria.p__Bacteroidetes.c__Bacteroidia.o__Bacteroidales.f__Bacteroidaceae",-0.0163416400338484,0.0290365013112212,-0.56279645604318,0.57357349382815,"location"
"k__Bacteria.p__Bacteroidetes.c__Bacteroidia.o__Bacteroidales.f__Bacteroidaceae.g__Bacteroides",-0.0163416400338484,0.0290365013112212,-0.56279645604318,0.57357349382815,"location"
"k__Bacteria.p__Firmicutes.c__Negativicutes",0.143451524513127,0.264140906054959,0.54308712215623,0.587069818801506,"location"
"k__Bacteria.p__Firmicutes.c__Firmicutes_unclassified.o__Firmicutes_unclassified.f__Firmicutes_unclassified.g__Firmicutes_unclassified.s__Firmicutes_bacterium_CAG_83",-0.298385542825167,0.564963341130439,-0.528150272950675,0.597395040229634,"location"
"k__Bacteria.p__Actinobacteria.c__Coriobacteriia.o__Eggerthellales.f__Eggerthellaceae.g__Gordonibacter",-2.71746631704188,5.28559285770655,-0.514127060142313,0.607163159414682,"location"
"k__Bacteria.p__Actinobacteria.c__Coriobacteriia.o__Eggerthellales.f__Eggerthellaceae.g__Gordonibacter.s__Gordonibacter_pamelaeae",-2.71746631704188,5.28559285770655,-0.514127060142313,0.607163159414682,"location"
"k__Archaea",-0.831908137697982,1.6208772555297,-0.513245611202135,0.607779524139563,"location"
"k__Archaea.p__Euryarchaeota",-0.831908137697982,1.6208772555297,-0.513245611202135,0.607779524139563,"location"
"k__Archaea.p__Euryarchaeota.c__Methanobacteria",-0.831908137697982,1.6208772555297,-0.513245611202135,0.607779524139563,"location"
"k__Archaea.p__Euryarchaeota.c__Methanobacteria.o__Methanobacteriales",-0.831908137697982,1.6208772555297,-0.513245611202135,0.607779524139563,"location"
"k__Archaea.p__Euryarchaeota.c__Methanobacteria.o__Methanobacteriales.f__Methanobacteriaceae",-0.831908137697982,1.6208772555297,-0.513245611202135,0.607779524139563,"location"
"k__Bacteria.p__Proteobacteria.c__Betaproteobacteria.o__Burkholderiales.f__Sutterellaceae.g__Turicimonas",-11.2651692713419,22.1216568525444,-0.50923714016684,0.610586012930405,"location"
"k__Bacteria.p__Proteobacteria.c__Betaproteobacteria.o__Burkholderiales.f__Sutterellaceae.g__Turicimonas.s__Turicimonas_muris",-11.2651692713419,22.1216568525444,-0.50923714016684,0.610586012930405,"location"
"k__Bacteria.p__Actinobacteria.c__Coriobacteriia.o__Coriobacteriales",0.0566174850314724,0.112110070578937,0.505016942181012,0.613546936454902,"location"
"k__Bacteria.p__Actinobacteria.c__Coriobacteriia.o__Coriobacteriales.f__Coriobacteriaceae",0.0566174850314724,0.112110070578937,0.505016942181012,0.613546936454902,"location"
"k__Bacteria.p__Actinobacteria.c__Coriobacteriia.o__Coriobacteriales.f__Coriobacteriaceae.g__Collinsella",0.0566174850314724,0.112110070578937,0.505016942181012,0.613546936454902,"location"
"k__Bacteria.p__Firmicutes.c__Negativicutes.o__Acidaminococcales.f__Acidaminococcaceae.g__Phascolarctobacterium.s__Phascolarctobacterium_sp_CAG_266",0.392493547296413,0.78759784115822,0.498342589054362,0.618242594466926,"location"
"k__Bacteria.p__Firmicutes.c__Firmicutes_unclassified.o__Firmicutes_unclassified.f__Firmicutes_unclassified.g__Firmicutes_unclassified.s__Firmicutes_bacterium_CAG_424",-13.1989770598694,26.5199725709876,-0.497699498916861,0.618695861328949,"location"
"k__Bacteria.p__Firmicutes.c__Clostridia.o__Clostridiales.f__Lachnospiraceae.g__Lachnoclostridium",-0.166837818339902,0.335226984644345,-0.497686123081368,0.61870529051085,"location"
"k__Bacteria.p__Firmicutes.c__Erysipelotrichia.o__Erysipelotrichales.f__Erysipelotrichaceae.g__Candidatus_Stoquefichus",-5.72400279589503,11.7765899269238,-0.486049258012179,0.626932242066032,"location"
"k__Bacteria.p__Firmicutes.c__Erysipelotrichia.o__Erysipelotrichales.f__Erysipelotrichaceae.g__Candidatus_Stoquefichus.s__Candidatus_Stoquefichus_sp_KLE1796",-5.72400279589503,11.7765899269238,-0.486049258012179,0.626932242066032,"location"
"k__Bacteria.p__Bacteroidetes.c__Bacteroidia.o__Bacteroidales.f__Bacteroidaceae.g__Bacteroides.s__Bacteroides_xylanisolvens",0.0815643283845359,0.170498858545475,0.478386360356667,0.632375239772648,"location"
"k__Bacteria.p__Firmicutes.c__Clostridia.o__Clostridiales.f__Oscillospiraceae.g__Oscillibacter.s__Oscillibacter_sp_57_20",0.350172197909441,0.744013174312201,0.47065322228085,0.637888394148592,"location"
"k__Bacteria.p__Firmicutes.c__Clostridia.o__Clostridiales.f__Oscillospiraceae",0.345800439401551,0.744027760733328,0.464768195021007,0.642097466331351,"location"
"k__Bacteria.p__Firmicutes.c__Clostridia.o__Clostridiales.f__Oscillospiraceae.g__Oscillibacter",0.345800439401551,0.744027760733328,0.464768195021007,0.642097466331351,"location"
"k__Bacteria.p__Bacteroidetes.c__Bacteroidia.o__Bacteroidales.f__Barnesiellaceae.g__Coprobacter.s__Coprobacter_fastidiosus",-1.56195178678725,3.41610821386806,-0.45723135480496,0.647504763733111,"location"
"k__Bacteria.p__Firmicutes.c__Clostridia.o__Clostridiales.f__Lachnospiraceae.g__Sellimonas",0.176901147147779,0.38737287043054,0.45666891166427,0.647909039392517,"location"
"k__Bacteria.p__Firmicutes.c__Clostridia.o__Clostridiales.f__Lachnospiraceae.g__Sellimonas.s__Sellimonas_intestinalis",0.176901147147779,0.38737287043054,0.45666891166427,0.647909039392517,"location"
"k__Bacteria.p__Bacteroidetes.c__Bacteroidia.o__Bacteroidales.f__Barnesiellaceae",-1.54936776615553,3.40137566281154,-0.455512098559215,0.648740865579251,"location"
"k__Bacteria.p__Bacteroidetes.c__Bacteroidia.o__Bacteroidales.f__Barnesiellaceae.g__Coprobacter",-1.54936776615553,3.40137566281154,-0.455512098559215,0.648740865579251,"location"
"k__Bacteria.p__Firmicutes.c__Clostridia.o__Clostridiales.f__Clostridiales_unclassified.g__Clostridiales_unclassified",-22.4583119913232,49.7311850052925,-0.451594145382483,0.651561388472071,"location"
"k__Bacteria.p__Firmicutes.c__Clostridia.o__Clostridiales.f__Eubacteriaceae.g__Eubacterium.s__Eubacterium_ramulus",1.26855711640475,2.80989936268596,0.451459982250804,0.651658060757929,"location"
"k__Bacteria.p__Actinobacteria",0.0324372154832062,0.0723782447058047,0.448162505391689,0.654035920455412,"location"
"k__Bacteria.p__Firmicutes.c__Clostridia.o__Clostridiales.f__Lachnospiraceae.g__Eisenbergiella.s__Eisenbergiella_tayi",2.23505387696198,5.00098576525135,0.446922663226105,0.654930899924483,"location"
"k__Bacteria.p__Bacteroidetes.c__Bacteroidia.o__Bacteroidales.f__Bacteroidaceae.g__Bacteroides.s__Bacteroides_cellulosilyticus",0.13370823380702,0.301101575663685,0.444063547367037,0.656996640424466,"location"
"k__Bacteria.p__Firmicutes.c__Clostridia.o__Clostridiales.f__Lachnospiraceae.g__Lachnoclostridium.s__Clostridium_saccharolyticum",-2.16806483046653,4.9560675108649,-0.437456678246131,0.661780187451038,"location"
"k__Bacteria.p__Actinobacteria.c__Coriobacteriia",0.0451587003506411,0.106788776828155,0.422878711527063,0.67238375566232,"location"
"k__Bacteria.p__Firmicutes.c__Clostridia.o__Clostridiales.f__Ruminococcaceae.g__Gemmiger",0.914229862316759,2.19154394916208,0.417162458761692,0.676559582400644,"location"
"k__Bacteria.p__Firmicutes.c__Clostridia.o__Clostridiales.f__Ruminococcaceae.g__Gemmiger.s__Gemmiger_formicilis",0.914229862316759,2.19154394916208,0.417162458761692,0.676559582400644,"location"
"k__Bacteria.p__Firmicutes.c__Clostridia.o__Clostridiales.f__Ruminococcaceae.g__Anaerotruncus.s__Anaerotruncus_colihominis",-0.979494571109296,2.39786853532232,-0.408485518151075,0.682917260452697,"location"
"k__Bacteria.p__Firmicutes.c__Clostridia.o__Clostridiales.f__Lachnospiraceae.g__Lachnoclostridium.s__Clostridium_symbiosum",-0.208863804806756,0.51361484193962,-0.406654535172699,0.684261737112546,"location"
"k__Bacteria.p__Actinobacteria.c__Actinobacteria",0.0733785135158025,0.180747189059247,0.405973193263603,0.684762297077858,"location"
"k__Bacteria.p__Actinobacteria.c__Actinobacteria.o__Bifidobacteriales",0.0739385163217555,0.182247987522748,0.405702786224329,0.684960994819633,"location"
"k__Bacteria.p__Actinobacteria.c__Actinobacteria.o__Bifidobacteriales.f__Bifidobacteriaceae",0.0739385163217555,0.182247987522748,0.405702786224329,0.684960994819633,"location"
"k__Bacteria.p__Actinobacteria.c__Actinobacteria.o__Bifidobacteriales.f__Bifidobacteriaceae.g__Bifidobacterium",0.0739385163217555,0.182247987522748,0.405702786224329,0.684960994819633,"location"
"k__Bacteria.p__Bacteroidetes.c__Bacteroidia.o__Bacteroidales.f__Odoribacteraceae.g__Butyricimonas",-0.559922992718749,1.39489001628077,-0.40141013713159,0.688118187189874,"location"
"k__Bacteria.p__Firmicutes.c__Clostridia.o__Clostridiales.f__Ruminococcaceae.g__Anaerotruncus",-0.937725710943625,2.34418385313264,-0.400022254948347,0.689140125186411,"location"
"k__Bacteria.p__Bacteroidetes.c__Bacteroidia.o__Bacteroidales.f__Rikenellaceae.g__Alistipes.s__Alistipes_finegoldii",-0.0520528785535526,0.131509202673688,-0.395811680819865,0.692243959057286,"location"
"k__Bacteria.p__Firmicutes.c__Firmicutes_unclassified",0.19181192424002,0.487417863830372,0.393526660538592,0.693930536825555,"location"
"k__Bacteria.p__Firmicutes.c__Firmicutes_unclassified.o__Firmicutes_unclassified",0.19181192424002,0.487417863830372,0.393526660538592,0.693930536825555,"location"
"k__Bacteria.p__Firmicutes.c__Firmicutes_unclassified.o__Firmicutes_unclassified.f__Firmicutes_unclassified",0.19181192424002,0.487417863830372,0.393526660538592,0.693930536825555,"location"
"k__Bacteria.p__Firmicutes.c__Firmicutes_unclassified.o__Firmicutes_unclassified.f__Firmicutes_unclassified.g__Firmicutes_unclassified",0.19181192424002,0.487417863830372,0.393526660538592,0.693930536825555,"location"
"k__Bacteria.p__Firmicutes.c__Clostridia.o__Clostridiales.f__Lachnospiraceae.g__Anaerostipes.s__Anaerostipes_sp_494a",0.242378387716991,0.639658762725943,0.378918263675591,0.704748561320798,"location"
"k__Bacteria.p__Actinobacteria.c__Coriobacteriia.o__Coriobacteriales.f__Coriobacteriaceae.g__Collinsella.s__Collinsella_aerofaciens",0.0439104087733924,0.115916351395561,0.378811170682465,0.704828091531765,"location"
"k__Bacteria.p__Actinobacteria.c__Actinobacteria.o__Actinomycetales",7.87196078599788,20.7881661586469,0.378675094566893,0.70492915006328,"location"
"k__Bacteria.p__Actinobacteria.c__Actinobacteria.o__Actinomycetales.f__Actinomycetaceae",7.87196078599788,20.7881661586469,0.378675094566893,0.70492915006328,"location"
"k__Bacteria.p__Actinobacteria.c__Actinobacteria.o__Actinomycetales.f__Actinomycetaceae.g__Actinomyces",7.87196078599788,20.7881661586469,0.378675094566893,0.70492915006328,"location"
"k__Archaea.p__Euryarchaeota.c__Methanobacteria.o__Methanobacteriales.f__Methanobacteriaceae.g__Methanobrevibacter",-0.604366774918581,1.63136394066339,-0.370467165452252,0.711034437084965,"location"
"k__Archaea.p__Euryarchaeota.c__Methanobacteria.o__Methanobacteriales.f__Methanobacteriaceae.g__Methanobrevibacter.s__Methanobrevibacter_smithii",-0.604366774918581,1.63136394066339,-0.370467165452252,0.711034437084965,"location"
"k__Viruses.p__Viruses_unclassified.c__Viruses_unclassified.o__Caudovirales.f__Siphoviridae.g__Siphoviridae_unclassified.s__Lactococcus_phage_bIL285",8.21258460566833,22.7868193419709,0.360409431541049,0.718540974545589,"location"
"k__Bacteria.p__Proteobacteria.c__Deltaproteobacteria",0.281120587772452,0.788416202443924,0.356563686668332,0.721418466636464,"location"
"k__Bacteria.p__Proteobacteria.c__Deltaproteobacteria.o__Desulfovibrionales",0.281120587772452,0.788416202443924,0.356563686668332,0.721418466636464,"location"
"k__Bacteria.p__Proteobacteria.c__Deltaproteobacteria.o__Desulfovibrionales.f__Desulfovibrionaceae",0.281120587772452,0.788416202443924,0.356563686668332,0.721418466636464,"location"
"k__Bacteria.p__Firmicutes.c__Clostridia.o__Clostridiales.f__Lachnospiraceae",0.0145695573071326,0.0425001242142964,0.342812111175705,0.731739814071859,"location"
"k__Bacteria.p__Firmicutes.c__Clostridia.o__Clostridiales.f__Lachnospiraceae.g__Coprococcus.s__Coprococcus_catus",2.50701280490623,7.88767999041534,0.317839061416362,0.750607019166482,"location"
"k__Bacteria.p__Firmicutes.c__Clostridia.o__Clostridiales.f__Clostridiales_unclassified.g__Lawsonibacter",-0.290585859769007,0.924081681415073,-0.314459063103626,0.753172403524142,"location"
"k__Bacteria.p__Firmicutes.c__Clostridia.o__Clostridiales.f__Clostridiales_unclassified.g__Lawsonibacter.s__Lawsonibacter_asaccharolyticus",-0.290585859769007,0.924081681415073,-0.314459063103626,0.753172403524142,"location"
"k__Bacteria.p__Firmicutes.c__Bacilli.o__Lactobacillales.f__Streptococcaceae.g__Streptococcus.s__Streptococcus_mutans",0.387821122640144,1.24143068734615,0.312398530657561,0.754737666899563,"location"
"k__Bacteria.p__Firmicutes.c__Negativicutes.o__Acidaminococcales.f__Acidaminococcaceae.g__Phascolarctobacterium.s__Phascolarctobacterium_faecium",0.255032690423379,0.833916360399841,0.305825263220759,0.759737692198782,"location"
"k__Viruses.p__Viruses_unclassified.c__Viruses_unclassified.o__Caudovirales.f__Siphoviridae.g__Siphoviridae_unclassified.s__Lactococcus_phage_ul36",4.72104293324479,15.4795198606776,0.304986393359499,0.760376515468876,"location"
"k__Bacteria.p__Firmicutes.c__Clostridia.o__Clostridiales.f__Lachnospiraceae.g__Dorea.s__Dorea_longicatena",0.161363560533618,0.531738868117155,0.303463918492537,0.761536340663749,"location"
"k__Bacteria.p__Firmicutes.c__Clostridia.o__Clostridiales.f__Ruminococcaceae.g__Ruminococcus.s__Ruminococcus_bicirculans",-0.211635112939809,0.720989087138293,-0.293534419196022,0.769113694812694,"location"
"k__Bacteria.p__Firmicutes.c__Clostridia.o__Clostridiales.f__Lachnospiraceae.g__Blautia.s__Blautia_coccoides",-1.27673320581261,4.465530185849,-0.285908537771954,0.774948174393506,"location"
"k__Bacteria.p__Firmicutes.c__Clostridia.o__Clostridiales.f__Lachnospiraceae.g__Blautia.s__Blautia_wexlerae",-0.139213174707075,0.508624638963974,-0.273705133496169,0.78431123240004,"location"
"k__Bacteria.p__Bacteroidetes.c__Bacteroidia.o__Bacteroidales.f__Bacteroidaceae.g__Bacteroides.s__Bacteroides_intestinalis",-0.757715388980051,2.7780629791273,-0.272749536159932,0.785045753448323,"location"
"k__Bacteria.p__Firmicutes.c__Erysipelotrichia.o__Erysipelotrichales.f__Erysipelotrichaceae.g__Holdemania",-3.86134463115531,14.1858589372849,-0.272196745239477,0.785470744314369,"location"
"k__Bacteria.p__Firmicutes.c__Erysipelotrichia.o__Erysipelotrichales.f__Erysipelotrichaceae.g__Holdemania.s__Holdemania_filiformis",-3.86134463115531,14.1858589372849,-0.272196745239477,0.785470744314369,"location"
"k__Bacteria.p__Firmicutes.c__Erysipelotrichia.o__Erysipelotrichales.f__Erysipelotrichaceae.g__Erysipelatoclostridium.s__Clostridium_innocuum",-1.60304939061389,6.10076255428297,-0.262762134462762,0.792733922526784,"location"
"k__Bacteria.p__Firmicutes.c__Negativicutes.o__Acidaminococcales",0.0610365162031635,0.246035362934526,0.248080257549831,0.804072310432574,"location"
"k__Bacteria.p__Firmicutes.c__Negativicutes.o__Acidaminococcales.f__Acidaminococcaceae",0.0610365162031635,0.246035362934526,0.248080257549831,0.804072310432574,"location"
"k__Bacteria.p__Firmicutes.c__Clostridia.o__Clostridiales.f__Lachnospiraceae.g__Roseburia.s__Roseburia_hominis",0.239603882665888,1.00742833900268,0.237837147705303,0.812007405521339,"location"
"k__Bacteria.p__Actinobacteria.c__Coriobacteriia.o__Coriobacteriales.f__Coriobacteriaceae.g__Collinsella.s__Collinsella_intestinalis",1.22856800587615,5.16639778279495,0.237799731559097,0.812036426883069,"location"
"k__Bacteria.p__Bacteroidetes.c__Bacteroidia.o__Bacteroidales.f__Rikenellaceae.g__Alistipes.s__Alistipes_putredinis",0.0295295315350187,0.127437908791098,0.231717012740886,0.816757816724106,"location"
"k__Bacteria.p__Firmicutes.c__Clostridia.o__Clostridiales.f__Lachnospiraceae.g__Roseburia",-0.0472276359227594,0.210073906663749,-0.224814384007974,0.822123675674433,"location"
"k__Bacteria.p__Actinobacteria.c__Actinobacteria.o__Propionibacteriales",-2.83838523857128,13.9287249349042,-0.203779258463101,0.838526002087565,"location"
"k__Bacteria.p__Actinobacteria.c__Actinobacteria.o__Propionibacteriales.f__Propionibacteriaceae",-2.83838523857128,13.9287249349042,-0.203779258463101,0.838526002087565,"location"
"k__Bacteria.p__Actinobacteria.c__Actinobacteria.o__Propionibacteriales.f__Propionibacteriaceae.g__Propionibacterium",-2.83838523857128,13.9287249349042,-0.203779258463101,0.838526002087565,"location"
"k__Bacteria.p__Actinobacteria.c__Actinobacteria.o__Propionibacteriales.f__Propionibacteriaceae.g__Propionibacterium.s__Propionibacterium_freudenreichii",-2.83838523857128,13.9287249349042,-0.203779258463101,0.838526002087565,"location"
"k__Bacteria.p__Firmicutes.c__Clostridia.o__Clostridiales.f__Lachnospiraceae.g__Lachnoclostridium.s__Clostridium_asparagiforme",-2.45252924892704,12.8501756032989,-0.190855699146822,0.848638649047583,"location"
"k__Bacteria.p__Firmicutes.c__Clostridia.o__Clostridiales.f__Lachnospiraceae.g__Blautia.s__Ruminococcus_torques",0.056359439182424,0.29972901203691,0.188034647695311,0.850849490656155,"location"
"k__Bacteria.p__Firmicutes.c__Erysipelotrichia.o__Erysipelotrichales.f__Erysipelotrichaceae.g__Turicibacter",2.64955635637049,14.1902833850217,0.186716239872078,0.851883122449147,"location"
"k__Bacteria.p__Firmicutes.c__Erysipelotrichia.o__Erysipelotrichales.f__Erysipelotrichaceae.g__Turicibacter.s__Turicibacter_sanguinis",2.64955635637049,14.1902833850217,0.186716239872078,0.851883122449147,"location"
"k__Bacteria.p__Bacteroidetes.c__Bacteroidia.o__Bacteroidales.f__Odoribacteraceae.g__Butyricimonas.s__Butyricimonas_virosa",-0.249397564864777,1.41324475824698,-0.176471600838721,0.859923457780597,"location"
"k__Bacteria.p__Firmicutes.c__Clostridia.o__Clostridiales.f__Peptostreptococcaceae.g__Intestinibacter",0.205344865746321,1.18650776507573,0.173066600818424,0.86259907744907,"location"
"k__Bacteria.p__Firmicutes.c__Clostridia.o__Clostridiales.f__Peptostreptococcaceae.g__Intestinibacter.s__Intestinibacter_bartlettii",0.205344865746321,1.18650776507573,0.173066600818424,0.86259907744907,"location"
"k__Bacteria.p__Firmicutes.c__Clostridia.o__Clostridiales.f__Lachnospiraceae.g__Blautia.s__Blautia_sp_CAG_257",-0.0121611875812465,0.0728250612191537,-0.166991793452114,0.867376506133831,"location"
"k__Bacteria.p__Firmicutes.c__Clostridia.o__Clostridiales.f__Lachnospiraceae.g__Dorea",-0.0625833069468938,0.401317976671072,-0.155944439534012,0.876076816099973,"location"
"k__Bacteria.p__Firmicutes.c__Clostridia.o__Clostridiales.f__Lachnospiraceae.g__Blautia.s__Blautia_hansenii",-0.49111296147159,3.28208081418277,-0.149634634025267,0.881052881802737,"location"
"k__Bacteria.p__Firmicutes.c__Clostridia.o__Clostridiales.f__Lachnospiraceae.g__Lachnospira",0.0439082670003256,0.297822934711007,0.147430778099518,0.882792013539412,"location"
"k__Bacteria.p__Firmicutes.c__Clostridia.o__Clostridiales.f__Lachnospiraceae.g__Lachnospira.s__Lachnospira_pectinoschiza",0.0439082670003256,0.297822934711007,0.147430778099518,0.882792013539412,"location"
"k__Bacteria.p__Bacteroidetes.c__Bacteroidia.o__Bacteroidales.f__Tannerellaceae",-0.0119827372590543,0.0869026713958961,-0.137886868914137,0.890329828362593,"location"
"k__Bacteria.p__Bacteroidetes.c__Bacteroidia.o__Bacteroidales.f__Tannerellaceae.g__Parabacteroides",-0.0119827372590543,0.0869026713958961,-0.137886868914137,0.890329828362593,"location"
"k__Bacteria.p__Firmicutes.c__Clostridia.o__Clostridiales.f__Clostridiaceae.g__Clostridium.s__Clostridium_bolteae_CAG_59",-0.116209507406491,0.874311629568649,-0.132915431382085,0.894260262710433,"location"
"k__Bacteria.p__Bacteroidetes.c__Bacteroidia.o__Bacteroidales.f__Rikenellaceae",-0.00842899107700492,0.0661268447771202,-0.12746700837481,0.898570783651921,"location"
"k__Bacteria.p__Bacteroidetes.c__Bacteroidia.o__Bacteroidales.f__Rikenellaceae.g__Alistipes",-0.00842899107700492,0.0661268447771202,-0.12746700837481,0.898570783651921,"location"
"k__Bacteria.p__Firmicutes.c__Clostridia.o__Clostridiales.f__Eubacteriaceae.g__Eubacterium.s__Eubacterium_dolichum_CAG_375",-3.87549124503362,33.0867859583642,-0.117131088220852,0.906756174455521,"location"
"k__Bacteria.p__Firmicutes.c__Clostridia.o__Clostridiales.f__Lachnospiraceae.g__Blautia",0.00767629919931086,0.0668159570883054,0.114887214579082,0.908534519275861,"location"
"k__Bacteria.p__Bacteroidetes.c__Bacteroidia.o__Bacteroidales.f__Bacteroidaceae.g__Bacteroides.s__Bacteroides_galacturonicus",-0.202471584543096,1.83432307895654,-0.110379456523151,0.912108444885114,"location"
"k__Bacteria.p__Proteobacteria",-0.0062290839473402,0.0570081564297727,-0.109266538991025,0.912991085668815,"location"
"k__Bacteria.p__Firmicutes.c__Clostridia.o__Clostridiales.f__Clostridiaceae.g__Clostridium.s__Clostridium_sp_CAG_299",-16.5889967228697,154.797141447255,-0.107166040456388,0.914657256031435,"location"
"k__Bacteria.p__Firmicutes.c__Clostridia.o__Clostridiales.f__Lachnospiraceae.g__Lachnoclostridium.s__Clostridium_bolteae",0.65950524586151,6.19606222382431,0.10643941620303,0.915233721081017,"location"
"k__Bacteria.p__Firmicutes.c__Clostridia.o__Clostridiales.f__Peptostreptococcaceae",0.103052779460513,1.18863276813565,0.0866985853184487,0.930911100937177,"location"
"k__Bacteria.p__Firmicutes.c__Negativicutes.o__Veillonellales.f__Veillonellaceae.g__Anaeroglobus",-0.15762634963872,1.88188509734595,-0.0837598160807069,0.933247397824061,"location"
"k__Bacteria.p__Firmicutes.c__Negativicutes.o__Veillonellales.f__Veillonellaceae.g__Anaeroglobus.s__Anaeroglobus_geminatus",-0.15762634963872,1.88188509734595,-0.0837598160807069,0.933247397824061,"location"
"k__Bacteria.p__Proteobacteria.c__Gammaproteobacteria.o__Enterobacterales.f__Enterobacteriaceae.g__Escherichia",-0.0545774266055345,0.717589505526019,-0.0760566120118037,0.939374058708566,"location"
"k__Bacteria.p__Proteobacteria.c__Gammaproteobacteria.o__Enterobacterales.f__Enterobacteriaceae.g__Escherichia.s__Escherichia_coli",-0.0545774266055345,0.717589505526019,-0.0760566120118037,0.939374058708566,"location"
"k__Bacteria.p__Firmicutes.c__Clostridia.o__Clostridiales.f__Lachnospiraceae.g__Roseburia.s__Roseburia_inulinivorans",0.0349457651019709,0.623407779750401,0.0560560298364618,0.955297171934441,"location"
"k__Bacteria.p__Firmicutes.c__Clostridia.o__Clostridiales.f__Clostridiaceae.g__Clostridium.s__Clostridium_disporicum",-0.131292564836579,2.50068887837289,-0.0525025587837248,0.958128256534119,"location"
"k__Bacteria.p__Firmicutes.c__Clostridia.o__Clostridiales.f__Lachnospiraceae.g__Lachnoclostridium.s__Clostridium_clostridioforme",-0.0223796737780433,0.536236060954639,-0.0417347422293862,0.96671015778505,"location"
"k__Bacteria.p__Actinobacteria.c__Actinobacteria.o__Bifidobacteriales.f__Bifidobacteriaceae.g__Bifidobacterium.s__Bifidobacterium_pseudocatenulatum",0.11318971384677,2.74326975977177,0.041260876165597,0.967087922789086,"location"
"k__Bacteria.p__Actinobacteria.c__Actinobacteria.o__Bifidobacteriales.f__Bifidobacteriaceae.g__Bifidobacterium.s__Bifidobacterium_longum",-0.00704314701274785,0.298961214898229,-0.0235587315737442,0.981204590440009,"location"
"k__Bacteria.p__Proteobacteria.c__Gammaproteobacteria",-0.00103301424257895,0.0561989238623819,-0.018381388318192,0.985334599905852,"location"
"k__Bacteria.p__Proteobacteria.c__Gammaproteobacteria.o__Enterobacterales",-0.00103248260501101,0.0561844603971356,-0.0183766578465466,0.985338373638728,"location"
"k__Bacteria.p__Proteobacteria.c__Gammaproteobacteria.o__Enterobacterales.f__Enterobacteriaceae",-0.00103248260501101,0.0561844603971356,-0.0183766578465466,0.985338373638728,"location"
"k__Bacteria.p__Proteobacteria.c__Gammaproteobacteria.o__Enterobacterales.f__Enterobacteriaceae.g__Klebsiella",-0.000685283815890847,0.0556867297186636,-0.0123060524357057,0.990181438576479,"location"
"k__Bacteria.p__Bacteroidetes.c__Bacteroidia.o__Bacteroidales.f__Rikenellaceae.g__Alistipes.s__Alistipes_indistinctus",0.0178523700230266,1.54950734789062,0.0115213200165391,0.990807520008732,"location"
"k__Bacteria.p__Firmicutes.c__Erysipelotrichia.o__Erysipelotrichales.f__Erysipelotrichaceae.g__Coprobacillus",0.00726559056838108,1.27682379909693,0.0056903627372233,0.995459771928885,"location"
"k__Bacteria.p__Firmicutes.c__Erysipelotrichia.o__Erysipelotrichales.f__Erysipelotrichaceae.g__Coprobacillus.s__Coprobacillus_cateniformis",0.00726559056838108,1.27682379909693,0.0056903627372233,0.995459771928885,"location"
"k__Bacteria.p__Firmicutes.c__Bacilli.o__Lactobacillales.f__Lactobacillaceae",0.00108971311687215,0.358029171540731,0.00304364337738938,0.997571527690058,"location"
"k__Bacteria.p__Firmicutes.c__Bacilli.o__Lactobacillales.f__Lactobacillaceae.g__Lactobacillus",0.00108971311687215,0.358029171540731,0.00304364337738938,0.997571527690058,"location"
"k__Bacteria.p__Firmicutes.c__Bacilli.o__Lactobacillales.f__Streptococcaceae.g__Streptococcus.s__Streptococcus_lutetiensis",1.8583817012228,3689.89566906519,0.000503640717216704,0.999598152864529,"location"
"k__Viruses.p__Viruses_unclassified.c__Viruses_unclassified.o__Caudovirales.f__Myoviridae.g__Felixo1virus.s__Escherichia_virus_wV8",-0.960942513721231,3014.66676627724,-0.000318755798972728,0.99974566967364,"location"
"k__Viruses.p__Viruses_unclassified.c__Viruses_unclassified.o__Caudovirales.f__Myoviridae.g__Felixo1virus.s__Salmonella_virus_FelixO1",-1.05401513767552,3306.65399993459,-0.000318755798972728,0.99974566967364,"location"
"k__Viruses.p__Viruses_unclassified.c__Viruses_unclassified.o__Caudovirales.f__Myoviridae.g__Felixo1virus",-0.523610212185504,2599.96486735274,-0.000201391264459139,0.999839313020494,"location"
"k__Bacteria.p__Firmicutes.c__Bacilli.o__Lactobacillales.f__Lactobacillaceae.g__Lactobacillus.s__Lactobacillus_salivarius",-2.01745213899308e-16,0.511173182266533,-3.94670966510357e-16,1,"location"
"k__Viruses.p__Viruses_unclassified.c__Viruses_unclassified.o__Caudovirales.f__Siphoviridae.g__Sfi21dt1virus.s__Streptococcus_virus_Sfi21",-4.4035614339807e-15,12.4985498955076,-3.5232578745503e-16,1,"location"
"k__Bacteria.p__Actinobacteria.c__Actinobacteria.o__Actinomycetales.f__Actinomycetaceae.g__Actinomyces.s__Actinomyces_oris",-7.1017237586449e-15,24.8949855465018,-2.85267237668384e-16,1,"location"
"k__Bacteria.p__Bacteroidetes.c__Bacteroidia.o__Bacteroidales.f__Bacteroidaceae.g__Bacteroides.s__Bacteroides_nordii",-1.62705377157038e-13,562.116310905599,-2.89451442700375e-16,1,"location"
"k__Bacteria.p__Firmicutes.c__Bacilli.o__Lactobacillales.f__Lactobacillaceae.g__Lactobacillus.s__Lactobacillus_animalis",-7.79151368213099e-15,23.549635973897,-3.30854952100631e-16,1,"location"
"k__Bacteria.p__Firmicutes.c__Bacilli.o__Lactobacillales.f__Lactobacillaceae.g__Lactobacillus.s__Lactobacillus_fermentum",-9.60033125667344e-15,28.4272059308034,-3.37716315843431e-16,1,"location"
"k__Bacteria.p__Firmicutes.c__Bacilli.o__Lactobacillales.f__Lactobacillaceae.g__Lactobacillus.s__Lactobacillus_paragasseri",-4.86175564455041e-16,1.45719764232583,-3.33637353186393e-16,1,"location"
"k__Bacteria.p__Firmicutes.c__Bacilli.o__Lactobacillales.f__Streptococcaceae.g__Streptococcus.s__Streptococcus_anginosus_group",-1.36193826110632e-15,4.77620136989198,-2.85150929709885e-16,1,"location"
"k__Bacteria.p__Firmicutes.c__Clostridia.o__Clostridiales.f__Eubacteriaceae.g__Eubacteriaceae_unclassified",-9.68186439587362e-15,43.2714496081021,-2.23747170098521e-16,1,"location"
"k__Bacteria.p__Firmicutes.c__Clostridia.o__Clostridiales.f__Eubacteriaceae.g__Eubacteriaceae_unclassified.s__Eubacteriaceae_bacterium_CHKCI005",-9.68186439587362e-15,43.2714496081021,-2.23747170098521e-16,1,"location"
"k__Bacteria.p__Firmicutes.c__Clostridia.o__Clostridiales.f__Lachnospiraceae.g__Anaerostipes.s__Anaerostipes_sp_992a",-3.58603884763404e-15,15.9645913191351,-2.24624531624296e-16,1,"location"
"k__Bacteria.p__Firmicutes.c__Clostridia.o__Clostridiales.f__Lachnospiraceae.g__Robinsoniella",-3.80523980884511e-14,143.499611076714,-2.65174224535762e-16,1,"location"
"k__Bacteria.p__Firmicutes.c__Clostridia.o__Clostridiales.f__Lachnospiraceae.g__Robinsoniella.s__Robinsoniella_sp_RHS",-3.80523980884511e-14,143.499611076714,-2.65174224535762e-16,1,"location"
"k__Viruses.p__Viruses_unclassified.c__Viruses_unclassified.o__Caudovirales.f__Siphoviridae.g__Sfi21dt1virus.s__Streptococcus_virus_DT1",-2.52786586143321e-14,112.494914993217,-2.24709344558873e-16,1,"location"
"k__Viruses.p__Viruses_unclassified.c__Viruses_unclassified.o__Caudovirales.f__Siphoviridae.g__Sfi21dt1virus.s__Streptococcus_virus_phiAbc2",-2.39156831025797e-15,10.1978577319366,-2.34516736075687e-16,1,"location"
"k__Bacteria.p__Actinobacteria.c__Actinobacteria.o__Actinomycetales.f__Actinomycetaceae.g__Actinomyces.s__Actinomyces_viscosus",-2.0989550429412e-14,116.658639540223,-1.7992281165061e-16,1,"location"
"k__Bacteria.p__Bacteroidetes.c__Bacteroidia.o__Bacteroidales.f__Bacteroidaceae.g__Bacteroides.s__Bacteroides_faecis_CAG_32",-8.83517639841109e-17,0.70754646513912,-1.24870617460775e-16,1,"location"
"k__Bacteria.p__Bacteroidetes.c__Bacteroidia.o__Bacteroidales.f__Bacteroidaceae.g__Bacteroides.s__Bacteroides_stercorirosoris",-2.12144987898652e-14,253.59845060971,-8.36538974858111e-17,1,"location"
"k__Bacteria.p__Bacteroidetes.c__Bacteroidia.o__Bacteroidales.f__Porphyromonadaceae",-9.1794740236693e-15,54.1424912958154,-1.69542882197938e-16,1,"location"
"k__Bacteria.p__Bacteroidetes.c__Bacteroidia.o__Bacteroidales.f__Porphyromonadaceae.g__Sanguibacteroides",-9.1794740236693e-15,54.1424912958154,-1.69542882197938e-16,1,"location"
"k__Bacteria.p__Bacteroidetes.c__Bacteroidia.o__Bacteroidales.f__Porphyromonadaceae.g__Sanguibacteroides.s__Sanguibacteroides_justesenii",-9.1794740236693e-15,54.1424912958154,-1.69542882197938e-16,1,"location"
"k__Bacteria.p__Firmicutes.c__Bacilli.o__Lactobacillales.f__Lactobacillaceae.g__Lactobacillus.s__Lactobacillus_curvatus",-1.35432406158333e-15,13.5730945573945,-9.97800505887954e-17,1,"location"
"k__Bacteria.p__Firmicutes.c__Clostridia.o__Clostridiales.f__Lachnospiraceae.g__Lachnoclostridium.s__Clostridium_aldenense",-1.23796736834821e-14,125.295865320752,-9.88035291650738e-17,1,"location"
"k__Bacteria.p__Firmicutes.c__Clostridia.o__Clostridiales.f__Lachnospiraceae.g__Tyzzerella",-3.41595011025492e-13,1765.04521624358,-1.93533291885e-16,1,"location"
"k__Bacteria.p__Firmicutes.c__Clostridia.o__Clostridiales.f__Lachnospiraceae.g__Tyzzerella.s__Tyzzerella_nexilis",-3.41595011025492e-13,1765.04521624358,-1.93533291885e-16,1,"location"
"k__Bacteria.p__Firmicutes.c__Clostridia.o__Clostridiales.f__Ruminococcaceae.g__Harryflintia",-1.33770003440966e-15,7.17439726950484,-1.86454692172627e-16,1,"location"
"k__Bacteria.p__Firmicutes.c__Clostridia.o__Clostridiales.f__Ruminococcaceae.g__Harryflintia.s__Harryflintia_acetispora",-1.33770003440966e-15,7.17439726950484,-1.86454692172627e-16,1,"location"
"k__Bacteria.p__Firmicutes.c__Negativicutes.o__Veillonellales.f__Veillonellaceae.g__Allisonella",-4.65306522442129e-15,34.0939775206409,-1.36477629270573e-16,1,"location"
"k__Bacteria.p__Firmicutes.c__Negativicutes.o__Veillonellales.f__Veillonellaceae.g__Allisonella.s__Allisonella_histaminiformans",-4.65306522442129e-15,34.0939775206409,-1.36477629270573e-16,1,"location"
"k__Bacteria.p__Proteobacteria.c__Gammaproteobacteria.o__Enterobacterales.f__Enterobacteriaceae.g__Klebsiella.s__Klebsiella_pneumoniae",-1.64715869738202e-17,0.0789398456326623,-2.08659984597244e-16,1,"location"
"k__Bacteria.p__Proteobacteria.c__Gammaproteobacteria.o__Enterobacterales.f__Enterobacteriaceae.g__Klebsiella.s__Klebsiella_quasipneumoniae",-7.81465244448073e-17,0.849796928408769,-9.1959057314005e-17,1,"location"
"k__Bacteria.p__Proteobacteria.c__Gammaproteobacteria.o__Enterobacterales.f__Enterobacteriaceae.g__Klebsiella.s__Klebsiella_variicola",-3.63690223545968e-17,0.241453941787641,-1.50625092658803e-16,1,"location"
"k__Viruses.p__Viruses_unclassified.c__Viruses_unclassified.o__Caudovirales.f__Siphoviridae.g__Sfi21dt1virus",-7.22948727997841e-16,4.38338610320761,-1.6492928320159e-16,1,"location"
"k__Viruses.p__Viruses_unclassified.c__Viruses_unclassified.o__Caudovirales.f__Siphoviridae.g__Sfi21dt1virus.s__Streptococcus_virus_7201",-3.96404894069309e-15,19.7719862915154,-2.00488149356757e-16,1,"location"
"k__Viruses.p__Viruses_unclassified.c__Viruses_unclassified.o__Caudovirales.f__Siphoviridae.g__Siphoviridae_unclassified.s__Lactococcus_phage_bIL312",-1.50973575203038e-15,17.3715158027031,-8.69086940470365e-17,1,"location"
"k__Viruses.p__Viruses_unclassified.c__Viruses_unclassified.o__Caudovirales.f__Siphoviridae.g__Siphoviridae_unclassified.s__Streptococcus_phage_PH15",-5.55467029176058e-15,35.5354382171045,-1.56313544181563e-16,1,"location"
"k__Bacteria.p__Actinobacteria.c__Actinobacteria.o__Bifidobacteriales.f__Bifidobacteriaceae.g__Bifidobacterium.s__Bifidobacterium_bifidum",-2.44626445553981e-19,0.268358424182669,-9.11566112742808e-19,1,"location"
"k__Bacteria.p__Actinobacteria.c__Actinobacteria.o__Bifidobacteriales.f__Bifidobacteriaceae.g__Bifidobacterium.s__Bifidobacterium_dentium",1.20280379424407e-16,3.71717711245926,3.235798989003e-17,1,"location"
"k__Bacteria.p__Actinobacteria.c__Coriobacteriia.o__Eggerthellales.f__Eggerthellaceae.g__Slackia",9.99766006459999e-17,2.44153405229512,4.09482720718225e-17,1,"location"
"k__Bacteria.p__Actinobacteria.c__Coriobacteriia.o__Eggerthellales.f__Eggerthellaceae.g__Slackia.s__Slackia_isoflavoniconvertens",9.99766006459999e-17,2.44153405229512,4.09482720718225e-17,1,"location"
"k__Bacteria.p__Bacteroidetes.c__Bacteroidia.o__Bacteroidales.f__Bacteroidaceae.g__Bacteroides.s__Bacteroides_faecis",1.52399952337756e-18,1.18462723311928,1.28648023679538e-18,1,"location"
"k__Bacteria.p__Bacteroidetes.c__Bacteroidia.o__Bacteroidales.f__Bacteroidaceae.g__Bacteroides.s__Bacteroides_finegoldii",6.17532649794304e-18,1.4553164017594,4.24328791352683e-18,1,"location"
"k__Bacteria.p__Bacteroidetes.c__Bacteroidia.o__Bacteroidales.f__Bacteroidaceae.g__Bacteroides.s__Bacteroides_plebeius",3.43764975896634e-17,1.01003440108702,3.4034976979662e-17,1,"location"
"k__Bacteria.p__Bacteroidetes.c__Bacteroidia.o__Bacteroidales.f__Bacteroidaceae.g__Bacteroides.s__Bacteroides_sp_D2",-1.04818432370558e-16,723.379186985074,-1.44901089575751e-19,1,"location"
"k__Bacteria.p__Bacteroidetes.c__Bacteroidia.o__Bacteroidales.f__Barnesiellaceae.g__Coprobacter.s__Coprobacter_secundus",-2.19155422454914e-16,12.8779017674273,-1.70179448805266e-17,1,"location"
"k__Bacteria.p__Bacteroidetes.c__Bacteroidia.o__Bacteroidales.f__Prevotellaceae",3.20926884268379e-17,0.91466389747921,3.50868647109442e-17,1,"location"
"k__Bacteria.p__Bacteroidetes.c__Bacteroidia.o__Bacteroidales.f__Prevotellaceae.g__Prevotella",3.20926884268379e-17,0.91466389747921,3.50868647109442e-17,1,"location"
"k__Bacteria.p__Bacteroidetes.c__Bacteroidia.o__Bacteroidales.f__Prevotellaceae.g__Prevotella.s__Prevotella_copri",3.20926884268379e-17,0.91466389747921,3.50868647109442e-17,1,"location"
"k__Bacteria.p__Firmicutes.c__Clostridia.o__Clostridiales.f__Clostridiaceae.g__Clostridium.s__Clostridium_sp_CAG_167",4.284661935587e-16,11.364659173547,3.77016316121492e-17,1,"location"
"k__Bacteria.p__Firmicutes.c__Clostridia.o__Clostridiales.f__Clostridiaceae.g__Lactonifactor",-8.21315186506753e-16,14.7616058898016,-5.56386068452197e-17,1,"location"
"k__Bacteria.p__Firmicutes.c__Clostridia.o__Clostridiales.f__Clostridiaceae.g__Lactonifactor.s__Lactonifactor_longoviformis",-8.21315186506753e-16,14.7616058898016,-5.56386068452197e-17,1,"location"
"k__Bacteria.p__Firmicutes.c__Clostridia.o__Clostridiales.f__Clostridiales_unclassified.g__Clostridiales_unclassified.s__Clostridiales_bacterium_CHKCI006",-4.24178136840084e-16,47.8851116723706,-8.85824679166054e-18,1,"location"
"k__Bacteria.p__Firmicutes.c__Clostridia.o__Clostridiales.f__Eubacteriaceae.g__Eubacterium.s__Eubacterium_sp_CAG_180",-1.35282171815768e-18,0.17173016763177,-7.87760087126015e-18,1,"location"
"k__Bacteria.p__Firmicutes.c__Clostridia.o__Clostridiales.f__Lachnospiraceae.g__Lachnoclostridium.s__Lachnoclostridium_sp_An131",2.22826443546269e-15,36.9875359648697,6.02436571492372e-17,1,"location"
"k__Bacteria.p__Firmicutes.c__Clostridia.o__Clostridiales.f__Lachnospiraceae.g__Marvinbryantia",-1.14873270052441e-17,0.757175541152134,-1.51712864202728e-17,1,"location"
"k__Bacteria.p__Firmicutes.c__Clostridia.o__Clostridiales.f__Lachnospiraceae.g__Marvinbryantia.s__Marvinbryantia_formatexigens",-1.14873270052441e-17,0.757175541152134,-1.51712864202728e-17,1,"location"
"k__Bacteria.p__Firmicutes.c__Clostridia.o__Clostridiales.f__Ruminococcaceae.g__Anaerotruncus.s__Anaerotruncus_sp_CAG_528",-1.04196556440871e-16,5.61794263238774,-1.85471022505947e-17,1,"location"
"k__Bacteria.p__Firmicutes.c__Clostridia.o__Clostridiales.f__Ruminococcaceae.g__Ruminococcus.s__Ruminococcus_obeum_CAG_39",-3.83357199532359e-16,184.821488611893,-2.07420253138081e-18,1,"location"
"k__Bacteria.p__Firmicutes.c__Erysipelotrichia.o__Erysipelotrichales.f__Erysipelotrichaceae.g__Catenibacterium",-4.87439419500997e-16,9.70444917661965,-5.02284478623842e-17,1,"location"
"k__Bacteria.p__Firmicutes.c__Erysipelotrichia.o__Erysipelotrichales.f__Erysipelotrichaceae.g__Catenibacterium.s__Catenibacterium_mitsuokai",-4.87439419500997e-16,9.70444917661965,-5.02284478623842e-17,1,"location"
"k__Bacteria.p__Firmicutes.c__Erysipelotrichia.o__Erysipelotrichales.f__Erysipelotrichaceae.g__Faecalitalea",4.6434732961801e-17,1.69752762564561,2.7354331240495e-17,1,"location"
"k__Bacteria.p__Firmicutes.c__Erysipelotrichia.o__Erysipelotrichales.f__Erysipelotrichaceae.g__Faecalitalea.s__Faecalitalea_cylindroides",4.6434732961801e-17,1.69752762564561,2.7354331240495e-17,1,"location"
"k__Bacteria.p__Firmicutes.c__Erysipelotrichia.o__Erysipelotrichales.f__Erysipelotrichaceae.g__Massiliomicrobiota",-1.91429597747791e-14,565.719620590891,-3.38382461523685e-17,1,"location"
"k__Bacteria.p__Firmicutes.c__Erysipelotrichia.o__Erysipelotrichales.f__Erysipelotrichaceae.g__Massiliomicrobiota.s__Massiliomicrobiota_timonensis",-1.91429597747791e-14,565.719620590891,-3.38382461523685e-17,1,"location"
"k__Bacteria.p__Firmicutes.c__Firmicutes_unclassified.o__Firmicutes_unclassified.f__Firmicutes_unclassified.g__Firmicutes_unclassified.s__Firmicutes_bacterium_CAG_110",-1.31039738998934e-16,6.86788021884662,-1.90800850951562e-17,1,"location"
"k__Bacteria.p__Firmicutes.c__Firmicutes_unclassified.o__Firmicutes_unclassified.f__Firmicutes_unclassified.g__Firmicutes_unclassified.s__Firmicutes_bacterium_CAG_145",1.49385684128367e-15,54.2536462516316,2.75346809752671e-17,1,"location"
"k__Bacteria.p__Firmicutes.c__Negativicutes.o__Acidaminococcales.f__Acidaminococcaceae.g__Acidaminococcus",1.37298881711402e-17,0.321106144243167,4.27580985829498e-17,1,"location"
"k__Bacteria.p__Firmicutes.c__Negativicutes.o__Acidaminococcales.f__Acidaminococcaceae.g__Acidaminococcus.s__Acidaminococcus_fermentans",5.85425790539329e-15,124.826394359518,4.68991989669444e-17,1,"location"
"k__Bacteria.p__Firmicutes.c__Negativicutes.o__Acidaminococcales.f__Acidaminococcaceae.g__Acidaminococcus.s__Acidaminococcus_intestini",1.9457955357911e-17,0.326588103067528,5.95794983808328e-17,1,"location"
"k__Bacteria.p__Firmicutes.c__Negativicutes.o__Acidaminococcales.f__Acidaminococcaceae.g__Acidaminococcus.s__Acidaminococcus_sp_CAG_542",1.36097205645899e-17,0.992697095236627,1.37098422367659e-17,1,"location"
"k__Bacteria.p__Firmicutes.c__Negativicutes.o__Veillonellales.f__Veillonellaceae.g__Megasphaera",7.97560544274275e-17,3.78537620366214,2.10695186254587e-17,1,"location"
"k__Bacteria.p__Firmicutes.c__Negativicutes.o__Veillonellales.f__Veillonellaceae.g__Megasphaera.s__Megasphaera_elsdenii",7.97560544274275e-17,3.78537620366214,2.10695186254587e-17,1,"location"
"k__Bacteria.p__Firmicutes.c__Negativicutes.o__Veillonellales.f__Veillonellaceae.g__Veillonella.s__Veillonella_dispar",7.20195046558579e-17,51.2796402162574,1.40444637193506e-18,1,"location"
"k__Bacteria.p__Firmicutes.c__Negativicutes.o__Veillonellales.f__Veillonellaceae.g__Veillonella.s__Veillonella_infantium",1.59879953328871e-14,288.406081085552,5.54357081262251e-17,1,"location"
"k__Bacteria.p__Firmicutes.c__Negativicutes.o__Veillonellales.f__Veillonellaceae.g__Veillonella.s__Veillonella_parvula",-2.11224722399002e-16,4.88167740158082,-4.3268881784487e-17,1,"location"
"k__Bacteria.p__Firmicutes.c__Negativicutes.o__Veillonellales.f__Veillonellaceae.g__Veillonella.s__Veillonella_sp_T11011_6",1.88632216391554e-14,423.27223411117,4.45652233219745e-17,1,"location"
"k__Bacteria.p__Proteobacteria.c__Betaproteobacteria.o__Burkholderiales.f__Comamonadaceae",-5.88361360685689e-16,43.7650685902202,-1.34436293518609e-17,1,"location"
"k__Bacteria.p__Proteobacteria.c__Betaproteobacteria.o__Burkholderiales.f__Comamonadaceae.g__Comamonas",-5.88361360685689e-16,43.7650685902202,-1.34436293518609e-17,1,"location"
"k__Bacteria.p__Proteobacteria.c__Betaproteobacteria.o__Burkholderiales.f__Comamonadaceae.g__Comamonas.s__Comamonas_kerstersii",-5.88361360685689e-16,43.7650685902202,-1.34436293518609e-17,1,"location"
"k__Bacteria.p__Proteobacteria.c__Deltaproteobacteria.o__Desulfovibrionales.f__Desulfovibrionaceae.g__Desulfovibrio",1.23933471288863e-17,0.770049732210605,1.60942165297666e-17,1,"location"
"k__Bacteria.p__Proteobacteria.c__Deltaproteobacteria.o__Desulfovibrionales.f__Desulfovibrionaceae.g__Desulfovibrio.s__Desulfovibrio_piger",1.23933471288863e-17,0.770049732210605,1.60942165297666e-17,1,"location"
"k__Bacteria.p__Proteobacteria.c__Gammaproteobacteria.o__Enterobacterales.f__Enterobacteriaceae.g__Citrobacter",-3.27922880095903e-15,67.1375129799764,-4.88434655292794e-17,1,"location"
"k__Bacteria.p__Proteobacteria.c__Gammaproteobacteria.o__Enterobacterales.f__Enterobacteriaceae.g__Citrobacter.s__Citrobacter_amalonaticus",-3.27922880095903e-15,67.1375129799764,-4.88434655292794e-17,1,"location"
"k__Bacteria.p__Proteobacteria.c__Gammaproteobacteria.o__Enterobacterales.f__Enterobacteriaceae.g__Klebsiella.s__Klebsiella_michiganensis",1.75330516716139e-16,3.01500668963066,5.81526128347055e-17,1,"location"
"k__Bacteria.p__Proteobacteria.c__Gammaproteobacteria.o__Enterobacterales.f__Enterobacteriaceae.g__Metakosakonia",3.96083595794976e-15,95.7702233447412,4.13576978273514e-17,1,"location"
"k__Bacteria.p__Proteobacteria.c__Gammaproteobacteria.o__Enterobacterales.f__Enterobacteriaceae.g__Metakosakonia.s__Kluyvera_intestini",3.96083595794976e-15,95.7702233447412,4.13576978273514e-17,1,"location"
"k__Bacteria.p__Proteobacteria.c__Gammaproteobacteria.o__Pasteurellales",-4.76997537113123e-16,27.1576159523128,-1.75640431012318e-17,1,"location"
"k__Bacteria.p__Proteobacteria.c__Gammaproteobacteria.o__Pasteurellales.f__Pasteurellaceae",-4.76997537113123e-16,27.1576159523128,-1.75640431012318e-17,1,"location"
"k__Bacteria.p__Proteobacteria.c__Gammaproteobacteria.o__Pasteurellales.f__Pasteurellaceae.g__Haemophilus",-4.76997537113123e-16,27.1576159523128,-1.75640431012318e-17,1,"location"
"k__Bacteria.p__Proteobacteria.c__Gammaproteobacteria.o__Pasteurellales.f__Pasteurellaceae.g__Haemophilus.s__Haemophilus_parainfluenzae",-3.50244938149955e-16,27.5697130740737,-1.27039747279533e-17,1,"location"
"k__Bacteria.p__Proteobacteria.c__Gammaproteobacteria.o__Pasteurellales.f__Pasteurellaceae.g__Haemophilus.s__Haemophilus_sp_HMSC71H05",2.06361217875483e-15,91.1696909216725,2.26348489052986e-17,1,"location"
"k__Viruses.p__Viruses_unclassified.c__Viruses_unclassified.o__Caudovirales.f__Siphoviridae.g__Hk97virus",3.94003988147564e-15,132.810023795604,2.96667357543689e-17,1,"location"
"k__Viruses.p__Viruses_unclassified.c__Viruses_unclassified.o__Caudovirales.f__Siphoviridae.g__Hk97virus.s__Escherichia_virus_HK544",3.94003988147564e-15,132.810023795604,2.96667357543689e-17,1,"location"
"k__Viruses.p__Viruses_unclassified.c__Viruses_unclassified.o__Caudovirales.f__Siphoviridae.g__Jerseyvirus",2.50945798507799e-16,6.48913682442493,3.8671676264129e-17,1,"location"
"k__Viruses.p__Viruses_unclassified.c__Viruses_unclassified.o__Caudovirales.f__Siphoviridae.g__Jerseyvirus.s__Salmonella_virus_Jersey",2.50945798507799e-16,6.48913682442493,3.8671676264129e-17,1,"location"
"k__Viruses.p__Viruses_unclassified.c__Viruses_unclassified.o__Caudovirales.f__Siphoviridae.g__Siphoviridae_unclassified.s__Brochothrix_phage_NF5",-2.32288495854287e-16,11.1549340595562,-2.08238340642892e-17,1,"location"
"k__Viruses.p__Viruses_unclassified.c__Viruses_unclassified.o__Caudovirales.f__Siphoviridae.g__Siphoviridae_unclassified.s__Enterobacteria_phage_mEp460",1.26763666824313e-15,147.087101353632,8.61827214335699e-18,1,"location"
"k__Viruses.p__Viruses_unclassified.c__Viruses_unclassified.o__Caudovirales.f__Siphoviridae.g__Siphoviridae_unclassified.s__Lactococcus_phage_BM13",-1.63885288114687e-16,32.1209320517485,-5.10213364452373e-18,1,"location"
"k__Viruses.p__Viruses_unclassified.c__Viruses_unclassified.o__Caudovirales.f__Siphoviridae.g__Siphoviridae_unclassified.s__Pseudomonas_phage_phi297",-4.12659682238112e-16,20.7043427125347,-1.99310689533884e-17,1,"location"
"k__Viruses.p__Viruses_unclassified.c__Viruses_unclassified.o__Caudovirales.f__Siphoviridae.g__Siphoviridae_unclassified.s__Stx2_converting_phage_1717",1.62607194109318e-15,27.5702158113649,5.89792967969038e-17,1,"location"
"k__Viruses.p__Viruses_unclassified.c__Viruses_unclassified.o__Viruses_unclassified",1.44221968271662e-15,37.1432074125333,3.88286252907165e-17,1,"location"
"k__Viruses.p__Viruses_unclassified.c__Viruses_unclassified.o__Viruses_unclassified.f__Viruses_unclassified",1.44221968271662e-15,37.1432074125333,3.88286252907165e-17,1,"location"
"k__Viruses.p__Viruses_unclassified.c__Viruses_unclassified.o__Viruses_unclassified.f__Viruses_unclassified.g__Viruses_unclassified",1.44221968271662e-15,37.1432074125333,3.88286252907165e-17,1,"location"
"k__Viruses.p__Viruses_unclassified.c__Viruses_unclassified.o__Viruses_unclassified.f__Viruses_unclassified.g__Viruses_unclassified.s__Pseudomonas_phage_PA16",1.44221968271662e-15,37.1432074125333,3.88286252907165e-17,1,"location"
"k__Archaea.p__Euryarchaeota.c__Methanobacteria.o__Methanobacteriales.f__Methanobacteriaceae.g__Methanosphaera",-176.414409481835,NA,NA,NA,"location"
"k__Archaea.p__Euryarchaeota.c__Methanobacteria.o__Methanobacteriales.f__Methanobacteriaceae.g__Methanosphaera.s__Methanosphaera_stadtmanae",-176.414409481835,NA,NA,NA,"location"
"k__Bacteria.p__Actinobacteria.c__Actinobacteria.o__Actinomycetales.f__Actinomycetaceae.g__Actinomyces.s__Actinomyces_sp_HPA0247",1694.80283782267,NA,NA,NA,"location"
"k__Bacteria.p__Actinobacteria.c__Actinobacteria.o__Actinomycetales.f__Actinomycetaceae.g__Actinomyces.s__Actinomyces_sp_ICM47",1853.36338575665,NA,NA,NA,"location"
"k__Bacteria.p__Actinobacteria.c__Actinobacteria.o__Micrococcales",994.252232984037,NA,NA,NA,"location"
"k__Bacteria.p__Actinobacteria.c__Actinobacteria.o__Micrococcales.f__Micrococcaceae",994.252232984037,NA,NA,NA,"location"
"k__Bacteria.p__Actinobacteria.c__Actinobacteria.o__Micrococcales.f__Micrococcaceae.g__Rothia",994.252232984037,NA,NA,NA,"location"
"k__Bacteria.p__Actinobacteria.c__Actinobacteria.o__Micrococcales.f__Micrococcaceae.g__Rothia.s__Rothia_dentocariosa",6122.04290397168,NA,NA,NA,"location"
"k__Bacteria.p__Actinobacteria.c__Actinobacteria.o__Micrococcales.f__Micrococcaceae.g__Rothia.s__Rothia_mucilaginosa",1187.03262637778,NA,NA,NA,"location"
"k__Bacteria.p__Bacteroidetes.c__Bacteroidia.o__Bacteroidales.f__Dysgonamonadaceae",-9012.27775134028,NA,NA,NA,"location"
"k__Bacteria.p__Bacteroidetes.c__Bacteroidia.o__Bacteroidales.f__Dysgonamonadaceae.g__Dysgonomonas",-9012.27775134028,NA,NA,NA,"location"
"k__Bacteria.p__Bacteroidetes.c__Bacteroidia.o__Bacteroidales.f__Dysgonamonadaceae.g__Dysgonomonas.s__Dysgonomonas_mossii",-9012.27775134028,NA,NA,NA,"location"
"k__Bacteria.p__Firmicutes.c__Bacilli.o__Lactobacillales.f__Lactobacillaceae.g__Lactobacillus.s__Lactobacillus_rhamnosus",-16277.9900469945,NA,NA,NA,"location"
"k__Bacteria.p__Firmicutes.c__Bacilli.o__Lactobacillales.f__Lactobacillaceae.g__Lactobacillus.s__Lactobacillus_sakei",-2217.38195993906,NA,NA,NA,"location"
"k__Bacteria.p__Firmicutes.c__Bacilli.o__Lactobacillales.f__Leuconostocaceae",-1160.78535990176,NA,NA,NA,"location"
"k__Bacteria.p__Firmicutes.c__Bacilli.o__Lactobacillales.f__Leuconostocaceae.g__Weissella",-1160.78535990176,NA,NA,NA,"location"
"k__Bacteria.p__Firmicutes.c__Bacilli.o__Lactobacillales.f__Leuconostocaceae.g__Weissella.s__Weissella_cibaria",-1160.78535990176,NA,NA,NA,"location"
"k__Bacteria.p__Firmicutes.c__Bacilli.o__Lactobacillales.f__Streptococcaceae.g__Streptococcus.s__Streptococcus_gordonii",543.864469324601,NA,NA,NA,"location"
"k__Bacteria.p__Firmicutes.c__Clostridia.o__Clostridiales.f__Christensenellaceae",-5540.52959383189,NA,NA,NA,"location"
"k__Bacteria.p__Firmicutes.c__Clostridia.o__Clostridiales.f__Christensenellaceae.g__Christensenella",-5540.52959383189,NA,NA,NA,"location"
"k__Bacteria.p__Firmicutes.c__Clostridia.o__Clostridiales.f__Christensenellaceae.g__Christensenella.s__Christensenella_minuta",-5540.52959383189,NA,NA,NA,"location"
"k__Bacteria.p__Firmicutes.c__Clostridia.o__Clostridiales.f__Clostridiaceae.g__Clostridium.s__Clostridium_sp_chh4_2",-1204.73936664503,NA,NA,NA,"location"
"k__Bacteria.p__Firmicutes.c__Clostridia.o__Clostridiales.f__Clostridiales_unclassified.g__Clostridiales_unclassified.s__Clostridiales_bacterium_1_7_47FAA",-2480.84903480344,NA,NA,NA,"location"
"k__Bacteria.p__Firmicutes.c__Clostridia.o__Clostridiales.f__Eubacteriaceae.g__Eubacterium.s__Eubacterium_callanderi",-5614.60084508633,NA,NA,NA,"location"
"k__Bacteria.p__Firmicutes.c__Clostridia.o__Clostridiales.f__Eubacteriaceae.g__Eubacterium.s__Eubacterium_limosum",5832.94643350635,NA,NA,NA,"location"
"k__Bacteria.p__Firmicutes.c__Clostridia.o__Clostridiales.f__Lachnospiraceae.g__Lachnoclostridium.s__Lachnoclostridium_sp_An138",847.743526872138,NA,NA,NA,"location"
"k__Bacteria.p__Firmicutes.c__Clostridia.o__Clostridiales.f__Lachnospiraceae.g__Lachnospiraceae_unclassified.s__Lachnospiraceae_bacterium_2_1_46FAA",-91.9257854074459,NA,NA,NA,"location"
"k__Bacteria.p__Firmicutes.c__Clostridia.o__Clostridiales.f__Lachnospiraceae.g__Murimonas",-1149.97848634298,NA,NA,NA,"location"
"k__Bacteria.p__Firmicutes.c__Clostridia.o__Clostridiales.f__Lachnospiraceae.g__Murimonas.s__Murimonas_intestini",-1149.97848634298,NA,NA,NA,"location"
"k__Bacteria.p__Firmicutes.c__Clostridia.o__Clostridiales.f__Oscillospiraceae.g__Oscillibacter.s__Oscillibacter_sp_CAG_241",-1979.13356839047,NA,NA,NA,"location"
"k__Bacteria.p__Firmicutes.c__Clostridia.o__Clostridiales.f__Peptostreptococcaceae.g__Clostridioides",-218.031431425842,NA,NA,NA,"location"
"k__Bacteria.p__Firmicutes.c__Clostridia.o__Clostridiales.f__Peptostreptococcaceae.g__Clostridioides.s__Clostridioides_difficile",-218.031431425842,NA,NA,NA,"location"
"k__Bacteria.p__Firmicutes.c__Clostridia.o__Clostridiales.f__Peptostreptococcaceae.g__Romboutsia",9501.63219937686,NA,NA,NA,"location"
"k__Bacteria.p__Firmicutes.c__Clostridia.o__Clostridiales.f__Peptostreptococcaceae.g__Romboutsia.s__Romboutsia_ilealis",9501.63219937686,NA,NA,NA,"location"
"k__Bacteria.p__Firmicutes.c__Clostridia.o__Clostridiales.f__Ruminococcaceae.g__Flavonifractor.s__Flavonifractor_sp_An100",-1008.09443882011,NA,NA,NA,"location"
"k__Bacteria.p__Firmicutes.c__Clostridia.o__Clostridiales.f__Ruminococcaceae.g__Ruminococcaceae_unclassified.s__Clostridium_methylpentosum",18917.6641086692,NA,NA,NA,"location"
"k__Bacteria.p__Firmicutes.c__Negativicutes.o__Veillonellales.f__Veillonellaceae.g__Veillonella.s__Veillonella_sp_CAG_933",143.227659509057,NA,NA,NA,"location"
"k__Bacteria.p__Proteobacteria.c__Gammaproteobacteria.o__Enterobacterales.f__Enterobacteriaceae.g__Klebsiella.s__Klebsiella_oxytoca",-73.9049278873152,NA,NA,NA,"location"
"k__Viruses.p__Viruses_unclassified.c__Viruses_unclassified.o__Caudovirales.f__Podoviridae",-461.812341337648,NA,NA,NA,"location"
"k__Viruses.p__Viruses_unclassified.c__Viruses_unclassified.o__Caudovirales.f__Podoviridae.g__Podoviridae_unclassified",-461.812341337648,NA,NA,NA,"location"
"k__Viruses.p__Viruses_unclassified.c__Viruses_unclassified.o__Caudovirales.f__Podoviridae.g__Podoviridae_unclassified.s__Enterococcus_phage_EF62phi",-461.812341337648,NA,NA,NA,"location"
"k__Viruses.p__Viruses_unclassified.c__Viruses_unclassified.o__Caudovirales.f__Siphoviridae.g__Siphoviridae_unclassified.s__Enterobacteria_phage_HK225",-911.793623995782,NA,NA,NA,"location"
"k__Viruses.p__Viruses_unclassified.c__Viruses_unclassified.o__Caudovirales.f__Siphoviridae.g__Siphoviridae_unclassified.s__Lactobacillus_phage_Lrm1",-393.085120940151,NA,NA,NA,"location"
"k__Viruses.p__Viruses_unclassified.c__Viruses_unclassified.o__Caudovirales.f__Siphoviridae.g__Siphoviridae_unclassified.s__Lactococcus_phage_1706",211.44504239878,NA,NA,NA,"location"
"k__Viruses.p__Viruses_unclassified.c__Viruses_unclassified.o__Caudovirales.f__Siphoviridae.g__Siphoviridae_unclassified.s__Staphylococcus_phage_phiN315",315.10514946913,NA,NA,NA,"location"
"k__Viruses.p__Viruses_unclassified.c__Viruses_unclassified.o__Caudovirales.f__Siphoviridae.g__Siphoviridae_unclassified.s__Streptococcus_phage_MM1",-560.11222087551,NA,NA,NA,"location"
"k__Viruses.p__Viruses_unclassified.c__Viruses_unclassified.o__Caudovirales.f__Siphoviridae.g__Sk1virus",229.794344064597,NA,NA,NA,"location"
"k__Viruses.p__Viruses_unclassified.c__Viruses_unclassified.o__Caudovirales.f__Siphoviridae.g__Sk1virus.s__Lactococcus_phage_jm3",229.794344064597,NA,NA,NA,"location"
"k__Viruses.p__Viruses_unclassified.c__Viruses_unclassified.o__Ortervirales",-197.003538424082,NA,NA,NA,"location"
"k__Viruses.p__Viruses_unclassified.c__Viruses_unclassified.o__Ortervirales.f__Retroviridae",-197.003538424082,NA,NA,NA,"location"
"k__Viruses.p__Viruses_unclassified.c__Viruses_unclassified.o__Ortervirales.f__Retroviridae.g__Retroviridae_unclassified",-197.003538424082,NA,NA,NA,"location"
"k__Viruses.p__Viruses_unclassified.c__Viruses_unclassified.o__Ortervirales.f__Retroviridae.g__Retroviridae_unclassified.s__Human_endogenous_retrovirus_K",-197.003538424082,NA,NA,NA,"location"
